,itemid,total_counts,label,unique_patients,percentage_of_patients
0,51221,3325700,Hematocrit,243057,94.99015147962294
2,51265,3216656,Platelet Count,242794,94.88736731854492
4,51222,3188835,Hemoglobin,242733,94.86352764620362
5,51301,3171798,White Blood Cells,242689,94.84633181697384
6,51249,3167190,MCHC,242675,94.84086041676437
7,51279,3167075,Red Blood Cells,242675,94.84086041676437
8,51250,3167074,MCV,242675,94.84086041676437
9,51248,3167073,MCH,242675,94.84086041676437
10,51277,3166860,RDW,242668,94.83812471665964
1,50912,3282278,Creatinine,239869,93.74423548906502
25,50920,1373686,Estimated GFR (MDRD equation),239583,93.63246259907142
3,51006,3189474,Urea Nitrogen,238019,93.02122903281277
16,50931,2749562,Glucose,234501,91.64634432303147
11,50971,3150261,Potassium,233334,91.19026403414153
12,50983,3119778,Sodium,233212,91.14258468945896
13,50902,3083705,Chloride,233043,91.07653707264456
14,50882,2972827,Bicarbonate,232116,90.71425221591709
15,50868,2965452,Anion Gap,232035,90.68259625756225
34,51146,1241587,Basophils,222584,86.98901030186497
33,51200,1241587,Eosinophils,222584,86.98901030186497
32,51254,1241591,Monocytes,222584,86.98901030186497
31,51256,1241592,Neutrophils,222584,86.98901030186497
30,51244,1241592,Lymphocytes,222584,86.98901030186497
49,51514,682916,Urobilinogen,188242,73.5676655880192
40,51486,682923,Leukocytes,188242,73.5676655880192
38,51498,682923,Specific Gravity,188242,73.5676655880192
41,51506,682923,Urine Appearance,188242,73.5676655880192
42,51491,682923,pH,188242,73.5676655880192
43,51466,682919,Blood,188242,73.5676655880192
44,51492,682918,Protein,188242,73.5676655880192
45,51478,682918,Glucose,188242,73.5676655880192
46,51484,682917,Ketone,188242,73.5676655880192
47,51464,682917,Bilirubin,188242,73.5676655880192
48,51487,682916,Nitrite,188242,73.5676655880192
39,51508,682923,Urine Color,188242,73.5676655880192
17,50893,2190816,"Calcium, Total",165643,64.73565320702215
50,51087,639463,Length of Urine Collection,164718,64.37414997889603
27,50861,1348729,Alanine Aminotransferase (ALT),161076,62.9508042958308
28,50878,1321132,Asparate Aminotransferase (AST),158969,62.12735856430458
18,50960,2154209,Magnesium,158136,61.80181025184074
23,51237,1399650,INR(PT),157463,61.53879222748518
24,51274,1398998,PT,157457,61.536447341681125
19,50970,2066052,Phosphate,156114,61.011583735872065
29,51275,1261627,PTT,153835,60.120917944629426
73,50933,303560,Green Top Hold (plasma),152765,59.702746642905154
36,50863,1171421,Alkaline Phosphatase,148870,58.180524941768674
63,51516,480935,WBC,147676,57.71389266676046
65,51463,480934,Bacteria,147676,57.71389266676046
64,51493,480935,RBC,147675,57.71350185245978
67,51476,480932,Epithelial Cells,147674,57.713111038159106
66,51519,480932,Yeast,147674,57.713111038159106
35,50885,1174903,"Bilirubin, Total",146077,57.088980599978115
76,50887,274679,Blue Top Hold,138628,54.17780487423596
37,50862,749944,Albumin,129769,50.715580984539386
87,50955,228422,Light Green Top Hold,125301,48.969422689115035
26,52172,1365729,RDW-SD,120200,46.97587894136222
71,51512,317765,Urine Mucous,118044,46.13328330910284
62,50813,506778,Lactate,109958,42.97315887382951
53,52075,541658,Absolute Neutrophil Count,109435,42.768762994575496
54,52073,518314,Absolute Eosinophil Count,109364,42.74101517922744
55,52074,518273,Absolute Monocyte Count,109360,42.73945192202473
56,52069,518272,Absolute Basophil Count,109360,42.73945192202473
57,51133,518272,Absolute Lymphocyte Count,109360,42.73945192202473
69,52135,415010,Immature Granulocytes,106421,41.59084869233535
22,50947,1457326,I,102027,39.873610655161094
20,50934,1457350,H,102024,39.87243821225906
21,51678,1457335,L,102017,39.869702512154326
72,50993,316395,Thyroid Stimulating Hormone,99559,38.90908096109053
85,50956,229600,Lipase,92279,36.063952852162764
70,51003,359000,Troponin T,88295,34.506948678266035
79,51000,250001,Triglycerides,84519,33.0312338789101
78,50907,250248,"Cholesterol, Total",83893,32.786584126686364
81,50904,244256,"Cholesterol, HDL",82555,32.26367459238069
82,50903,243329,Cholesterol Ratio (Total/HDL),82219,32.132360987353245
108,51107,128553,"Urine tube, held",81019,31.66338382654098
104,51103,153299,Uhold,80361,31.406228016695586
93,50905,222310,"Cholesterol, LDL, Calculated",78444,30.657037002297987
92,50852,223327,% Hemoglobin A1c,74733,29.20672513248605
75,50910,280892,Creatine Kinase (CK),74661,29.178586502837312
102,50979,174612,Red Top Hold,71923,28.108536947583985
68,50954,473446,Lactate Dehydrogenase (LD),70375,27.50355641013616
99,51613,193437,eAG,67936,26.55036033078522
51,52033,618512,Specimen Type,66705,26.069267926651975
80,50822,247306,"Potassium, Whole Blood",64561,25.231362066000717
52,50820,564412,pH,58795,22.97792680829777
90,50911,226097,"Creatine Kinase, MB Isoenzyme",58192,22.742265784989605
106,50924,138297,Ferritin,55181,21.565523925651487
59,50802,511831,Base Excess,54415,21.26616017133299
60,50804,511828,Calculated Total CO2,54414,21.265769357032312
61,50818,511713,pCO2,54399,21.25990714252216
58,50821,511938,pO2,54398,21.25951632822148
130,50856,86207,Acetaminophen,54354,21.2423204989917
131,50981,84571,Salicylate,53742,21.003142146977442
133,50999,83598,Tricyclic Antidepressant Screen,53416,20.875736684956774
128,50922,88720,Ethanol,53194,20.788975910206506
120,51010,103324,Vitamin B12,52818,20.642029733151997
111,50952,117310,Iron,52074,20.35126389344839
117,51482,105458,Hyaline Casts,49961,19.52547327611812
100,51082,186319,"Creatinine, Urine",49469,19.33319264018509
118,50998,104976,Transferrin,48734,19.045944129187575
119,50953,104902,"Iron Binding Capacity, Total",48724,19.042035986180807
136,51085,81160,"HCG, Urine, Qualitative",48246,18.855226750457252
95,50809,211004,Glucose,46809,18.29362660038456
77,51266,251500,Platelet Smear,46636,18.226015726367457
103,50976,159912,"Protein, Total",46267,18.081805249417688
84,51267,233194,Poikilocytosis,46066,18.003251574981633
83,51137,233319,Anisocytosis,45956,17.960262001907175
138,51079,79659,"Cocaine, Urine",45535,17.795729181322205
137,51092,79811,"Opiate Screen, Urine",45479,17.773843580484296
135,50919,81219,EDTA Hold,45418,17.750003908143004
140,51071,78907,"Amphetamine Screen, Urine",45417,17.749613093842328
139,51075,79078,"Benzodiazepine Screen, Urine",45398,17.742187622129467
86,51246,228920,Macrocytes,45397,17.74179680782879
88,51268,227292,Polychromasia,45395,17.74101517922744
143,51074,78236,"Barbiturate Screen, Urine",45325,17.713658178180054
141,51090,78746,"Methadone, Urine",45286,17.698416420453658
91,51233,225467,Hypochromia,45216,17.671059419406273
89,51252,226410,Microcytes,45162,17.649955447169724
146,50880,69583,Benzodiazepine Screen,45005,17.58859760196345
147,50879,69484,Barbiturate Screen,44975,17.576873172943145
113,50824,112368,"Sodium, Whole Blood",43248,16.901936875674153
110,50889,119742,C-Reactive Protein,42187,16.487282902655977
154,50943,61429,Hepatitis C Virus Antibody,41371,16.16837843330363
132,50806,84527,"Chloride, Whole Blood",40555,15.849473963951288
74,50808,281355,Free Calcium,40415,15.794759961856524
153,50941,62204,Hepatitis B Surface Antigen,40182,15.703700229798809
94,51144,215373,Bands,37770,14.76105613656615
152,51501,63150,Transitional Epithelial Cells,37090,14.495302412105865
165,50940,53098,Hepatitis B Surface Antibody,36899,14.420656880676578
105,50812,151764,Intubated,36872,14.410104894558302
122,50995,101521,"Thyroxine (T4), Free",36811,14.386265222217013
156,53153,58925,HIV Screen,36806,14.384311150713627
114,50810,111637,"Hematocrit, Calculated",36441,14.241663930966562
115,50811,111633,Hemoglobin,36441,14.241663930966562
109,50930,126574,Globulin,36251,14.167409213837953
116,51214,110761,"Fibrinogen, Functional",35990,14.065406681361283
96,51251,199315,Metamyelocytes,33686,13.16497053260173
97,51255,197969,Myelocytes,33506,13.09462395847989
98,51143,196602,Atypical Lymphocytes,33457,13.075474057746723
164,50925,53116,Folate,33226,12.98519595429036
101,50817,176225,Oxygen Saturation,32943,12.8745955071988
134,50867,82615,Amylase,31611,12.354030858697183
142,50853,78341,25-OH Vitamin D,30207,11.805327580546827
151,51100,66828,"Sodium, Urine",29226,11.421938751582799
150,50963,66944,NTproBNP,28816,11.261704888305273
179,50942,38770,Hepatitis B Virus Core Antibody,28182,11.013928621676124
126,50883,91016,"Bilirubin, Direct",27357,10.69150682361769
129,50884,86393,"Bilirubin, Indirect",26350,10.297956822836062
155,51288,60481,Sedimentation Rate,25880,10.114274101517923
112,51260,116339,Ovalocytes,24633,9.626928668573841
184,51462,33137,Amorphous Crystals,24494,9.572605480779753
169,51283,47375,"Reticulocyte Count, Automated",24039,9.394784973971767
107,51007,134539,Uric Acid,23727,9.272850912160578
123,51009,99177,Vancomycin,23574,9.213056324157014
166,51093,50210,"Osmolality, Urine",23051,9.008660444902999
127,51102,89889,"Total Protein, Urine",21960,8.582282042864513
161,50828,56657,Ventilator,21586,8.436117494411356
185,51989,32844,Oxycodone,21083,8.239537901170879
121,50825,102109,Temperature,20696,8.088292766808923
199,50873,26396,Anti-Nuclear Antibody,20601,8.05116540824462
171,50935,43315,Haptoglobin,20357,7.955806718879457
175,51097,40277,"Potassium, Urine",20005,7.818240085041192
178,51078,38812,"Chloride, Urine",19485,7.615016648689209
159,51069,56977,"Albumin, Urine",19478,7.612280948584472
189,51734,27145,STX3,19440,7.597430005158749
177,50906,39282,"Cholesterol, LDL, Measured",19339,7.557957760790384
215,50803,23250,"Calculated Bicarbonate, Whole Blood",19249,7.522784473729463
197,51732,26683,STX1,19232,7.516140630617955
198,51737,26454,STX6,19138,7.479404086354329
187,51733,28385,STX2,19131,7.47666838624959
162,51070,54939,"Albumin/Creatinine, Urine",19071,7.453219528208976
172,50975,42784,Protein Electrophoresis,18998,7.424690084259564
213,51706,24398,Problem Specimen,18948,7.405149369225719
182,51104,34033,"Urea Nitrogen, Urine",18545,7.247651206052932
181,50946,35218,Human Chorionic Gonadotropin,18156,7.095624443089621
190,52007,27058,UTX4,17908,6.998702496521752
210,51564,25312,ARCH-1,17906,6.997920867920398
158,50974,58166,Prostate Specific Antigen,17870,6.983851553096031
195,52008,26846,UTX5,17861,6.980334224389939
193,52004,26884,UTX1,17852,6.976816895683847
200,52005,26355,UTX2,17804,6.958057809251356
196,52010,26730,UTX7,17788,6.9518047804405265
194,52006,26874,UTX3,17774,6.946333380231049
144,51099,77457,Protein/Creatinine Ratio,17651,6.898263221247792
148,50816,68851,Oxygen,17543,6.856055276774688
216,50915,22329,D-Dimer,17510,6.843158404852351
173,50949,42412,Immunoglobulin A,17197,6.720833528740483
208,52009,25929,UTX6,17142,6.699338742203255
220,51663,21502,HPE7,16141,6.308133627225687
218,51657,22174,HPE1,15926,6.224108552580156
167,50965,49107,Parathyroid Hormone,15875,6.204177023245635
145,51296,72077,Teardrop Cells,15258,5.963044599727993
231,50937,17596,Hepatitis A Virus Antibody,15119,5.9087214119339055
163,50827,53687,Ventilation Rate,14799,5.7836608357173
183,52111,33483,Echinocytes,14506,5.669152245618972
149,51257,67979,Nucleated Red Cells,14373,5.617173943628946
170,50950,46293,Immunoglobulin G,14078,5.501883724929263
227,51658,18619,HPE2,13866,5.419031093185762
157,51287,58203,Schistocytes,13784,5.3869843205302566
168,50826,48627,Tidal Volume,13256,5.180634369772859
174,50964,40304,"Osmolality, Measured",13185,5.152886554424799
160,50819,56859,PEEP,13016,5.0868389376104055
242,50996,15444,"Tissue Transglutaminase Ab, IgA",12763,4.987962919539152
180,50951,36609,Immunoglobulin M,12536,4.899248073285498
229,51865,18007,Influenza A by PCR,12160,4.752301896230987
230,51873,18007,Influenza B by PCR,12160,4.752301896230987
209,50909,25547,Cortisol,12153,4.749566196126249
214,51282,23422,"Reticulocyte Count, Absolute",11775,4.601838390470384
241,51659,15517,HPE3,11552,4.514686801419438
221,50994,21336,Thyroxine (T4),11058,4.321624536885054
243,51469,15150,Calcium Oxalate Crystals,10902,4.2606575059794585
228,51518,18138,WBC Clumps,10835,4.234472947834107
244,51479,14413,Granular Casts,10660,4.166080445215652
239,51752,15777,Voided Specimen,9989,3.903844049461458
211,50908,25044,CK-MB Index,9669,3.7787834732448533
257,51735,12127,STX4,9622,3.760415201113039
256,51736,12131,STX5,9617,3.7584611296096546
176,50900,39971,Carcinoembyronic Antigen (CEA),9258,3.618158795666651
225,51098,19442,"Prot. Electrophoresis, Urine",9229,3.6068251809470206
270,50980,10572,Rheumatoid Factor,8989,3.5130297487845676
234,52264,17292,Lymphs,8941,3.4942706623520765
233,52272,17292,Monocytes,8941,3.4942706623520765
235,52286,17283,"Total Nucleated Cells, CSF",8941,3.4942706623520765
232,52281,17292,Polys,8941,3.4942706623520765
237,52285,17181,"RBC, CSF",8920,3.4860635620378617
252,51802,12848,"Total Protein, CSF",8833,3.4520627178789725
255,51790,12519,"Glucose, CSF",8728,3.4110272163078994
240,50927,15637,Gamma Glutamyltransferase,8690,3.3961762728821774
226,51001,19294,Triiodothyronine (T3),8652,3.3813253294564554
222,52023,21201,Assist/Control,7854,3.069455517516297
186,50864,29980,Alpha-Fetoprotein,7700,3.009270115212056
223,51294,20056,Target Cells,7686,3.003798715002579
249,51219,13894,H/O Smear,7617,2.9768325282558736
236,50988,17272,Testosterone,7551,2.951038784411199
253,50823,12577,Required O2,6901,2.6970094889712204
254,50801,12558,Alveolar-arterial Gradient,6895,2.694664603167159
279,51196,9298,D-Dimer,6705,2.6204098860385496
125,51218,94141,Granulocyte Count,6392,2.498085009926683
284,50926,8738,Follicle Stimulating Hormone,6250,2.442589379230565
278,50815,9320,O2 Flow,6240,2.438681236223796
305,50932,7050,Gray Top Hold (plasma),6146,2.401944691960168
275,50973,9690,Prolactin,6078,2.3753693195141397
259,50891,11817,C4,6058,2.367553033500602
308,51497,6983,Renal Epithelial Cells,6046,2.362863261892479
258,51134,11821,Acanthocytes,6022,2.353483718676234
271,51108,10567,Urine Volume,5930,2.3175288030139596
272,51094,10442,pH,5865,2.292125873469962
295,50874,7604,"Anti-Nuclear Antibody, Titer",5840,2.2823555159530398
248,51197,13934,Elliptocytes,5829,2.2780565586455936
316,50876,6437,Anti-Smooth Muscle Antibody,5786,2.2612515437164875
251,51145,13450,Basophilic Stippling,5660,2.2120089418311997
267,50890,11262,C3,5628,2.1995028842095388
313,50872,6617,Anti-Neutrophil Cytoplasmic Antibody,5544,2.1666744829526805
318,51660,6164,HPE4,5387,2.1053166377464083
324,50871,5920,Anti-Mitochondrial Antibody,5357,2.093592208726102
188,51176,27409,"CD3 Cells, Percent",5290,2.06740765058075
328,50805,5643,Carboxyhemoglobin,5238,2.0470853069455517
301,52018,7226,PAN1,5203,2.0334068064218607
302,51972,7213,Chlamydia trachomatis,5195,2.030280292016445
303,51986,7212,Neisseria gonorrhoeae,5194,2.0298894777157686
281,51846,8760,Chlamydia trachomatis,5161,2.016992605793431
282,51879,8757,Neisseria gonorrhoeae,5161,2.016992605793431
283,51903,8753,PAN1,5157,2.0154293485907235
336,51227,5298,Hemogloblin S,5127,2.003704919570417
337,51224,5298,Hemoglobin C,5127,2.003704919570417
335,51226,5298,Hemogloblin A,5127,2.003704919570417
311,51474,6720,Eosinophils,5103,1.9943253763541717
285,51067,8704,24 hr Creatinine,5006,1.9564163891885131
191,51180,26904,"CD4 Cells, Percent",4982,1.9470368459722678
192,51194,26894,"CD8 Cells, Percent",4979,1.9458644030702372
326,52036,5699,Voided Specimen,4871,1.903656458597133
238,51292,15943,Spherocytes,4744,1.8540230424111677
339,50938,5070,Hepatitis A Virus IgM Antibody,4735,1.8505057137050758
280,50948,9269,Immunofixation,4687,1.8317466272725853
207,52769,26180,Absolute Lymphocyte Count,4534,1.771952039269021
201,51131,26181,Absolute CD4 Count,4534,1.771952039269021
204,51130,26180,Absolute CD3 Count,4534,1.771952039269021
203,51245,26180,"Lymphocytes, Percent",4534,1.771952039269021
202,51300,26180,WBC Count,4534,1.771952039269021
205,51132,26180,Absolute CD8 Count,4534,1.771952039269021
206,51181,26180,CD4/CD8 Ratio,4534,1.771952039269021
342,50814,4833,Methemoglobin,4426,1.7297440947959166
341,50992,4970,Thyroid Peroxidase Antibodies,4376,1.7102033797620722
219,52171,21732,RBC Morphology,4375,1.7098125654613952
294,51455,7621,Polys,4294,1.6781566071065672
293,51446,7621,Lymphocytes,4294,1.6781566071065672
292,51450,7621,Monos,4294,1.6781566071065672
291,52391,7622,"Total Nucleated Cells, Pleural",4294,1.6781566071065672
297,51059,7387,"Total Protein, Pleural",4248,1.6601791492754303
296,51054,7391,"Lactate Dehydrogenase, Pleural",4236,1.6554893776673079
319,52312,6119,"Total Nucleated Cells, Joint",4101,1.6027294470759272
322,51382,6116,Polys,4099,1.6019478184745737
321,51375,6116,Lymphocytes,4099,1.6019478184745737
320,51379,6116,Monocytes,4099,1.6019478184745737
269,51089,10792,Marijuana,4075,1.5925682752583283
304,51457,7056,"RBC, Pleural",4035,1.5769357032312525
309,51053,6853,"Glucose, Pleural",4013,1.568337788616361
329,50958,5605,Luteinizing Hormone,3998,1.5624755741062077
310,50866,6826,Ammonia,3925,1.5339461301567947
306,50982,7036,Sex Hormone Binding Globulin,3888,1.5194860010317497
331,51373,5430,"Joint Crystals, Number",3840,1.500726914599259
217,50967,22324,Phenytoin,3804,1.486657599774891
261,50917,11632,Digoxin,3782,1.4780596851599994
307,51147,7026,Bite Cells,3742,1.4624271131329236
333,51383,5380,"RBC, Joint Fluid",3718,1.4530475699166785
312,50894,6661,Calculated Free Testosterone,3692,1.4428863980990791
355,51243,4439,Lupus Anticoagulant,3666,1.4327252262814802
349,52220,4651,wbcp,3628,1.4178742828557582
287,50895,7950,Calculated TBG,3570,1.3952070534164986
288,51005,7926,Uptake Ratio,3568,1.3944254248151449
290,50896,7876,Calculated Thyroxine (T4) Index,3553,1.3885632103049914
265,51120,11604,Monocytes,3505,1.3698041238725007
262,52065,11604,"Total Nucleated Cells, Ascites",3505,1.3698041238725007
263,51125,11604,Polys,3505,1.3698041238725007
264,51116,11604,Lymphocytes,3505,1.3698041238725007
266,51127,11380,"RBC, Ascites",3446,1.3467460801325641
366,50939,3639,"Hepatitis B Core Antibody, IgM",3446,1.3467460801325641
351,51077,4493,"Calcium, Urine",3421,1.336975722615642
330,51447,5536,Macrophages,3400,1.3287686223014272
340,51513,4986,Urine Specimen Type,3378,1.3201707076865357
338,51424,5240,Immunophenotyping,3371,1.3174350075817975
358,52024,4327,"Creatinine, Whole Blood",3362,1.3139176788757054
365,52026,3720,Estimated GFR (MDRD equation),3356,1.311572793071644
334,50831,5314,pH,3350,1.3092279072675828
298,50918,7300,Double Stranded DNA,3316,1.2959402210445685
346,51427,4778,Lymphocytes,3252,1.2709281058012474
345,51436,4778,Polys,3252,1.2709281058012474
344,51431,4778,Monos,3252,1.2709281058012474
352,51236,4488,Inpatient Hematology/Oncology Smear,3239,1.265847519892448
317,51086,6299,"Immunofixation, Urine",3185,1.244743547655896
372,51225,3328,Hemoglobin F,3060,1.1958917600712846
378,51223,3167,Hemoglobin A2,3047,1.190811174162485
276,51117,9689,Macrophage,3030,1.1841673310509777
260,51008,11682,Valproic Acid,3028,1.183385702449624
350,51046,4593,"Albumin, Pleural",3014,1.1779143022401475
314,50877,6605,Anti-Thyroglobulin Antibodies,3002,1.1732245306320248
277,51269,9684,Promyelocytes,2988,1.1677531304225486
299,50849,7286,"Total Protein, Ascites",2889,1.1290625146555362
369,51748,3442,Treponema pallidum (Syphilis) Ab,2873,1.1228094858447062
371,51749,3422,Treponema pallidum (syphilis) value,2862,1.1185105285372603
360,51448,4252,Mesothelial Cells,2814,1.0997514421047694
354,51051,4470,"Cholesterol, Pleural",2788,1.0895902702871705
332,51216,5400,Fragmented Cells,2779,1.0860729415810784
245,51625,14141,Free Kappa,2720,1.0630148978411418
274,51259,9695,Other Cells,2719,1.0626240835404648
246,51627,14127,Free Lambda,2719,1.0626240835404648
247,51626,14054,Free Kappa/Free Lambda Ratio,2718,1.062233269239788
323,50835,6012,"Albumin, Ascites",2689,1.050899654520158
353,52425,4474,XUCU,2685,1.0493363973174508
250,50892,13694,CA-125,2676,1.0458190686113586
289,51118,7919,Mesothelial Cell,2643,1.0329221966890214
356,51150,4349,Blood Parasite Smear,2610,1.0200253247666837
286,50881,8100,Beta-2 Microglobulin,2529,0.9883693664118558
385,51095,3017,"Phosphate, Urine",2520,0.9848520377057638
359,51651,4321,Hepatitis C Viral Load,2506,0.9793806374962872
373,51428,3298,Macrophage,2388,0.9332645500164142
343,50842,4797,"Glucose, Ascites",2304,0.9004361487595555
381,52195,3047,Voided Specimen,2304,0.9004361487595555
368,52014,3535,Voided Specimen,2293,0.8961371914521097
399,51276,2557,Quantitative G6PD,2288,0.8941831199487252
347,51338,4723,Immunophenotyping,2284,0.8926198627460176
390,51376,2927,Macrophage,2266,0.8855852053338337
377,50921,3180,Estradiol,2245,0.8773781050196189
396,51076,2590,"Bicarbonate, Urine",2212,0.8644812330972815
362,51068,3892,24 hr Protein,2171,0.848457846769529
400,51839,2538,Anat Path Hold,2138,0.8355609748471916
401,51138,2506,Anticardiolipin Antibody IgG,2088,0.8160202598133471
402,51139,2506,Anticardiolipin Antibody IgM,2088,0.8160202598133471
383,51453,3032,Other,2087,0.8156294455126701
370,52266,3440,Macrophage,2070,0.808985602401163
300,50957,7247,Lithium,2060,0.8050774593943941
405,51505,2310,Uric Acid Crystals,2024,0.7910081445700261
367,50843,3551,"Lactate Dehydrogenase, Ascites",2022,0.7902265159686722
357,51213,4345,Fibrin Degradation Products,2022,0.7902265159686722
393,51234,2703,Immunophenotyping,2012,0.7863183729619034
124,50986,97095,tacroFK,1982,0.7745939439415968
382,51411,3037,CD45,1974,0.7714674295361816
407,50945,2299,Homocysteine,1966,0.7683409151307665
388,51398,2939,CD19,1947,0.7609154434179055
391,51933,2902,C. diff PCR,1883,0.7359033281745846
374,50836,3268,"Amylase, Ascites",1881,0.7351216995732308
375,51284,3242,"Reticulocyte Count, Manual",1839,0.7187074989448013
398,51425,2567,Kappa,1821,0.7116728415326173
397,51426,2567,Lambda,1821,0.7116728415326173
423,51662,1932,HPE6,1814,0.7089371414278791
404,51444,2339,Eosinophils,1715,0.670246525660867
395,51956,2598,CDT027,1697,0.663211868248683
413,50913,2182,Cryoglobulin,1656,0.6471884819209305
409,51899,2276,Trichomonas vaginalis,1585,0.6194406665728712
410,51904,2271,PAN2,1581,0.6178774093701637
392,51460,2860,"Blood, Occult",1542,0.602635651643765
315,51598,6555,Cytomegalovirus Viral Load,1540,0.6018540230424111
325,51240,5911,Large Platelets,1534,0.5995091372383499
394,51123,2637,Other,1521,0.5944285513295502
408,51262,2294,Pencil Cells,1517,0.5928652941268427
424,50916,1876,DHEA-Sulfate,1514,0.591692851224812
416,50989,2099,"Testosterone, Free",1509,0.5897387797214276
422,51297,1932,Thrombin,1505,0.5881755225187201
412,52427,2191,UCU2,1495,0.5842673795119511
384,51261,3023,Pappenheimer Bodies,1488,0.5815316794072128
379,51648,3129,Hepatitis B Viral Load,1478,0.577623536400444
414,52369,2168,"Total Nucleated Cells, Other",1476,0.5768419077990903
441,51271,1569,"Protein C, Functional",1461,0.5709796932889368
426,51047,1865,"Amylase, Pleural",1442,0.5635542215760759
421,50841,1989,"Creatinine, Ascites",1436,0.5612093357720146
420,51066,2011,24 hr Calcium,1431,0.5592552642686301
427,51412,1862,CD5,1427,0.5576920070659226
212,51148,24453,Blasts,1413,0.552220606856446
439,51105,1576,"Uric Acid, Urine",1409,0.5506573496537386
411,51795,2260,"Lactate Dehydrogenase, CSF",1398,0.5463583923462927
415,51198,2109,Envelope Cells,1397,0.5459675780456159
431,51400,1807,CD20,1391,0.5436226922415545
430,51388,1811,CD10,1389,0.5428410636402007
348,50991,4675,Thyroglobulin,1380,0.5393237349341087
452,51273,1448,"Protein S, Functional",1353,0.5287717488158327
436,51434,1679,Other Cell,1350,0.527599305913802
418,50838,2043,"Bilirubin, Total, Ascites",1347,0.5264268630117713
273,50898,9883,Cancer Antigen 27.29,1323,0.517047319795526
429,51404,1830,CD3,1316,0.5143116196907878
389,52012,2935,UTX9,1306,0.5104034766840188
417,51140,2094,Antithrombin,1302,0.5088402194813112
386,51342,2987,Wright Giemsa,1293,0.5053228907752193
447,51088,1477,"Magnesium, Urine",1277,0.499069861964389
442,50857,1567,Acetone,1275,0.49828823336303524
406,51206,2309,Factor VIII,1254,0.4900811330488205
438,51419,1577,Eosinophils,1229,0.48031077553189827
448,51946,1467,Norovirus Genogroup II,1214,0.47444856102174493
449,51945,1467,Norovirus Genogroup I,1214,0.47444856102174493
428,51438,1860,"RBC, Other Fluid",1201,0.4693679751129453
364,51654,3782,HIV 1 Viral Load,1181,0.4615516890994075
461,50869,1357,Anti-DGP (IgA/IgG),1171,0.4576435460926386
419,51325,2029,CD45,1162,0.4541262173865466
433,51263,1784,Plasma Cells,1149,0.449045631477747
437,51060,1587,"Triglycerides, Pleural",1135,0.44357423126827056
453,51423,1430,HLA-DR,1134,0.44318341696759367
434,52424,1746,RFXUCU,1121,0.4381028310587941
455,51420,1400,FMC-7,1113,0.434976316653379
456,51402,1396,CD23,1111,0.4341946880520252
443,51056,1543,"Miscellaneous, Pleural",1094,0.42755084494051804
440,51313,1571,CD19,1091,0.4263784020384874
444,51722,1538,RFXLDLM,1080,0.4220794447310416
464,51183,1353,CD45,1065,0.41621723022088825
435,51114,1722,Eosinophils,1061,0.4146539730181807
458,51341,1394,Lambda,1059,0.41387234441682696
446,51319,1494,CD3,1059,0.41387234441682696
457,51340,1394,Kappa,1059,0.41387234441682696
471,51052,1274,"Creatinine, Pleural",1055,0.41230908721411935
451,52955,1462,CD10,1054,0.41191827291344246
478,51894,1254,"Strep A, Rapid Antigen",1053,0.4115274586127655
450,51337,1463,HLA-DR,1052,0.41113664431208863
454,51315,1423,CD20,1047,0.40918257280870424
466,51164,1305,CD19,1046,0.40879175850802735
403,51229,2371,"Heparin, LMW",1041,0.40683768700464285
459,51326,1390,CD5,1039,0.4060560584032891
445,52256,1519,Eosinophils,1037,0.4052744298019353
473,51168,1259,CD20,1021,0.3990214009911051
480,51239,1246,Lambda,1019,0.3982397723897513
479,51238,1246,Kappa,1019,0.3982397723897513
481,51184,1246,CD5,1014,0.3962857008863669
474,51152,1257,CD10,1014,0.3962857008863669
483,51230,1228,HLA-DR,1011,0.3951132579843361
470,51372,1277,"Joint Crystals, Location",1008,0.3939408150823055
469,51371,1277,"Joint Crystals, Comment",1008,0.3939408150823055
468,51370,1277,"Joint Crystals, Birefringence",1008,0.3939408150823055
467,51374,1277,"Joint Crystals, Shape",1008,0.3939408150823055
484,51664,1220,HPE8,1004,0.3923775578795979
361,51231,3966,Howell-Jolly Bodies,1001,0.39120511497756727
465,51026,1307,"Amylase, Body Fluid",985,0.38495208616673704
462,52020,1356,UTX10,982,0.3837796432647063
487,52123,1189,"G6PD, Qualitative",982,0.3837796432647063
463,51980,1356,Fentanyl,981,0.3833888289640294
472,51033,1262,FetalFN,978,0.3822163860619988
380,50929,3077,Gentamicin,975,0.3810439431599681
497,51688,1065,Lyme C6 Ab,967,0.377917428754553
498,51689,1061,Lyme G and M Value,964,0.3767449858525223
503,51754,1024,VZV IgG Ab Value,955,0.3732276571464303
504,51753,1023,VZV IgG Ab,955,0.3732276571464303
508,51769,984,RUBIgGV,942,0.36814707123763074
509,51724,980,Rubella IgG Ab,939,0.3669746283356001
511,51471,944,Cellular Cast,904,0.3532961278119089
387,50899,2947,Carbamazepine,894,0.34938798480514
501,51368,1036,Eosinophils,891,0.3482155419031093
432,52278,1798,Other,870,0.34000844158889465
486,51503,1193,Triple Phosphate Crystals,868,0.33922681298754087
505,51416,1020,CD7,847,0.33101971267332614
502,51215,1033,FMC-7,842,0.3290656411699417
507,51399,1014,CD2,842,0.3290656411699417
518,51661,906,HPE5,839,0.327893198267911
506,51172,1019,CD23,833,0.32554831246384963
520,51877,905,MRSA PCR,821,0.320858540855727
519,51893,905,Staph aureus PCR,821,0.320858540855727
477,52992,1255,Iron Stain,816,0.31890446935234257
499,51317,1058,CD23,815,0.3185136550516656
500,51335,1058,FMC-7,814,0.3181228407509888
494,51429,1093,Mesothelial cells,806,0.3149963263455736
515,51192,925,CD7,805,0.3146055120448968
516,51167,916,CD2,800,0.3126514405415123
532,51768,804,EE6,775,0.30288108302459005
522,51381,878,Other,766,0.299363754318498
531,51762,806,EE1,765,0.29897294001782115
512,52019,941,PAN2,762,0.2978004971157905
513,51996,940,Trichomonas vaginalis,762,0.2978004971157905
523,51587,876,CMV IgG Ab Value,749,0.2927199112069909
524,51586,874,CMV IgG Ab,747,0.29193828260563714
521,51235,882,Inhibitor Screen,729,0.2849036251934531
492,51299,1098,Von Willebrand Factor Antigen,719,0.2809954821866842
485,51921,1204,"proBNP, Pleural",716,0.27982303928465346
514,51445,939,"Hematocrit, Pleural",710,0.2774781534805922
493,51298,1094,Von Willebrand Factor Activity,710,0.2774781534805922
539,51489,712,NonSquamous Epithelial Cell,691,0.27005268176773123
376,50966,3237,Phenobarbital,683,0.2669261673623161
525,51332,858,CD7,679,0.26536291015960856
528,51314,830,CD2,673,0.2630180243555472
541,51034,708,"Glucose, Body Fluid",665,0.2598915099501321
542,51763,700,EE2,665,0.2598915099501321
224,50914,19851,Cyclosporin,657,0.256764995544717
547,51290,686,Sickle Cell Preparation,656,0.2563741812440401
545,51043,693,"Total Protein, Body Fluid",654,0.2555925526426863
538,51590,749,CMV Interpretation,653,0.2552017383420094
537,51588,749,CMV IgM Ab,653,0.2552017383420094
557,52419,662,Voided Specimen,652,0.25481092404133254
536,51369,758,"Hematocrit, Joint Fluid",649,0.2536384811393018
535,51499,771,Sperm,642,0.2509027810345636
425,50997,1867,Tobramycin,613,0.2395691663149338
554,51615,664,Epstein-Barr Virus EBNA IgG Ab,609,0.23800590911222624
555,51617,663,Epstein-Barr Virus IgM Ab Value,609,0.23800590911222624
552,51614,667,Epstein-Barr Virus  EBNA IgG Ab,609,0.23800590911222624
551,51620,667,Epstein-Barr Virus VCA IgM Ab,609,0.23800590911222624
550,51619,667,Epstein-Barr Virus VCA IgG Ab,609,0.23800590911222624
549,51618,667,Epstein-Barr Virus Interpretation,609,0.23800590911222624
556,51616,663,Epstein-Barr Virus IgG Ab Value,609,0.23800590911222624
567,51726,616,Rubeola IgG Ab Value,602,0.23527020900748802
568,51725,615,Rubeola IgG Ab,601,0.2348793947068111
543,51038,696,"Miscellaneous, Body Fluid",594,0.23214369460207288
527,52221,831,Atypical Lymphocytes,584,0.22823555159530395
530,52426,817,UCU1,584,0.22823555159530395
571,51517,595,WBC Casts,583,0.2278447372946271
570,51025,613,"Albumin, Body Fluid",579,0.22628148009191953
363,51228,3816,Heparin,577,0.22549985149056573
569,51035,614,"LD, Body Fluid",577,0.22549985149056573
558,51481,661,Hemosiderin,571,0.2231549656865044
534,51798,787,"PEP, CSF",565,0.22081007988244303
482,51772,1232,PAN3,519,0.2028326220513061
585,51694,537,Mumps IgG Ab Value,517,0.2020509934499523
586,51693,536,Mumps IgG Ab,516,0.20166017914927545
589,51764,529,EE7,505,0.19736122184182964
546,51247,693,MacroOvalocytes,495,0.19345307883506074
593,50855,518,Absolute Hemoglobin,486,0.1899357501289687
592,50854,518,Absolute A1c,486,0.1899357501289687
572,51232,590,Hypersegmented Neutrophils,465,0.181728649814754
268,50978,10991,Rapamycin,465,0.181728649814754
590,50901,525,Centromere,461,0.18016539261204648
588,51741,531,Toxoplasma IgG Ab,456,0.178211321108662
587,51745,531,Toxoplasma Interpretation,456,0.178211321108662
591,51742,520,Toxoplasma IgG Ab Value,456,0.178211321108662
476,51175,1256,CD3 Absolute Count,442,0.17273992089918555
475,51174,1256,CD3 %,442,0.17273992089918555
560,51124,641,Plasma,440,0.17195829229783174
601,52087,479,CD15/56,419,0.16375119198361707
607,51677,436,K (GREEN),416,0.1625787490815864
594,51454,514,Plasma Cells,416,0.1625787490815864
600,51096,483,Porphobilinogen Screen,409,0.15984304897684817
510,51406,971,CD34,408,0.15945223467617128
610,51142,427,Arachadonic Acid,400,0.15632572027075614
613,51135,419,ADP,395,0.1543716487673717
605,52109,447,dRVVT - Screen,394,0.1539808344666948
606,51422,445,"Hematocrit, Other Fluid",393,0.15359002016601792
603,51442,458,Basophils,390,0.15241757726398725
616,51195,413,Collagen,389,0.15202676296331036
625,51507,390,"Urine Casts, Other",387,0.15124513436195658
562,51101,625,Total Collection Time,384,0.15007269145992588
565,51081,625,"Creatinine, Serum",384,0.15007269145992588
561,51080,625,Creatinine Clearance,384,0.15007269145992588
563,51106,625,Urine Creatinine,384,0.15007269145992588
564,51109,625,"Urine Volume, Total",384,0.15007269145992588
595,52223,512,Bands,383,0.149681877159249
580,51966,563,Bilirubin,381,0.14890024855789524
627,51510,384,"Urine Crystals, Other",381,0.14890024855789524
582,51994,563,Specific Gravity,381,0.14890024855789524
581,51992,563,Protein,381,0.14890024855789524
583,52002,563,Urobilinogen,381,0.14890024855789524
579,51987,563,Nitrite,381,0.14890024855789524
578,51985,563,Leukocytes,381,0.14890024855789524
577,51984,563,Ketone,381,0.14890024855789524
575,51981,563,Glucose,381,0.14890024855789524
574,51967,563,Blood,381,0.14890024855789524
573,52730,563,pH,381,0.14890024855789524
598,51323,495,CD4,380,0.14850943425721835
517,51321,913,CD34,375,0.14655536275383388
599,51934,485,C Diff Toxin Antigen Assay,375,0.14655536275383388
489,51170,1134,CD20 Absolute Count,372,0.1453829198518032
490,51169,1134,CD20 %,372,0.1453829198518032
617,51091,410,"Myoglobin, Urine",372,0.1453829198518032
488,51165,1134,CD19 %,372,0.1453829198518032
491,51166,1134,CD19 Absolute Count,372,0.1453829198518032
604,51334,452,CD8,368,0.14381966264909565
559,52262,656,Immunophenotyping,366,0.14303803404774187
529,51307,819,CD13,365,0.14264721974706498
460,51289,1363,Serum Viscosity,354,0.1383482624396192
596,51199,506,Eosinophil Count,352,0.13756663383826542
626,51440,385,Atypical Lymphocytes,344,0.13444011943285028
635,51901,358,Voided Specimen,342,0.13365849083149653
608,51110,433,Atypical Lymphocytes,341,0.1332676765308196
637,51666,348,H. pylori IgG Ab,341,0.1332676765308196
628,51212,384,Fetal Hemoglobin,333,0.1301411621254045
619,52623,402,Sodium,328,0.12818709062202005
620,51638,402,Hematocrit,328,0.12818709062202005
621,51645,402,"Hemoglobin, Calculated",328,0.12818709062202005
622,52569,402,Glucose,328,0.12818709062202005
623,52610,402,Potassium,328,0.12818709062202005
540,50968,711,"Phenytoin, Free",326,0.12740546202066627
640,51509,331,Urine Comments,322,0.12584220481795869
495,51162,1090,CD16/56 Absolute Count,321,0.1254513905172818
496,51163,1090,CD16/56%,321,0.1254513905172818
602,51567,475,Beta Hydroxybutyrate,321,0.1254513905172818
544,51305,695,CD117,321,0.1254513905172818
548,50969,678,"Phenytoin, Percent Free",318,0.12427894761525113
636,51953,354,Voided Specimen,317,0.12388813331457424
615,51032,415,"Creatinine, Body Fluid",316,0.12349731901389735
553,51310,667,CD15,313,0.1223248761118667
629,52546,377,Creatinine,310,0.12115243320983601
643,52179,327,SCT - Screen,308,0.12037080460848223
597,51796,500,"Miscellaneous, CSF",307,0.11997999030780535
630,52535,369,Chloride,306,0.11958917600712844
633,52500,367,Anion Gap,306,0.11958917600712844
634,51739,367,Total CO2,306,0.11958917600712844
631,52647,369,Urea Nitrogen,306,0.11958917600712844
632,51624,368,Free Calcium,305,0.11919836170645155
647,51667,310,H. pylori IgG Ab Value,304,0.11880754740577466
327,50961,5682,Methotrexate,304,0.11880754740577466
624,51028,396,"Bilirubin, Total, Body Fluid",304,0.11880754740577466
566,51320,619,CD33,298,0.11646266160171334
614,51328,417,CD56,297,0.11607184730103644
645,51242,318,LUC,297,0.11607184730103644
611,50850,421,"Triglycerides, Ascites",295,0.11529021869968266
646,51377,314,Mesothelial Cells,294,0.11489940439900577
609,51205,428,Factor VII,293,0.11450859009832888
576,51309,563,CD14,293,0.11450859009832888
638,51112,334,Basophils,291,0.11372696149697509
639,51188,333,CD56,287,0.11216370429426754
618,51306,406,CD11c,279,0.10903718988885241
656,51515,271,Waxy Casts,268,0.10473823258140662
644,51264,322,Platelet Clumps,266,0.10395660398005284
612,51331,419,CD64,265,0.10356578967937594
650,51954,296,CDT027,262,0.10239334677734527
660,51874,262,"Influenza B, Rapid Antigen",252,0.09848520377057637
659,51869,262,"Influenza A, Rapid Antigen",252,0.09848520377057637
641,51324,330,CD41,247,0.09653113226719191
651,52225,295,Basophils,246,0.09614031796651502
657,51111,268,Bands,244,0.09535868936516126
648,51333,306,CD71,243,0.09496787506448436
642,51115,328,"Hematocrit, Ascites",242,0.09457706076380747
526,51579,851,CA 19-9,242,0.09457706076380747
652,51336,293,Glyco A,240,0.09379543216245369
654,51178,279,CD34,231,0.09027810345636168
649,50888,306,Blue Top Hold Frozen,230,0.0898872891556848
670,51765,229,EE3,228,0.089105660554331
666,51155,248,CD11c,221,0.08636996044959278
661,51156,256,CD13,219,0.08558833184823898
665,52131,248,HIT-Ab Interpreted Result,218,0.08519751754756211
664,52132,248,HIT-Ab Numerical Result,218,0.08519751754756211
658,51204,268,Factor V,212,0.08285263174350076
675,51652,221,High-Sensitivity CRP,205,0.08011693163876252
668,51895,243,"Strep A, Rapid Antigen",204,0.07972611733808564
684,51864,207,Influenza A by PCR,201,0.07855367443605496
683,51872,207,Influenza B by PCR,201,0.07855367443605496
663,51653,248,HIV 1 Ab Confirmation,199,0.07777204583470118
662,51655,248,HIV 2 Ab Confirmation,199,0.07777204583470118
674,51154,222,CD117,197,0.0769904172333474
677,51159,218,CD15,196,0.07659960293267051
669,51065,229,"Sodium, Stool",195,0.07620878863199362
682,51366,208,Bands,195,0.07620878863199362
672,51063,224,"Osmolality, Stool",194,0.07581797433131673
671,51064,227,"Potassium, Stool",193,0.07542716003063984
681,51158,212,CD14,193,0.07542716003063984
679,51177,214,CD33,192,0.07503634572996294
678,51755,218,White Blood Cells,191,0.07464553142928607
676,51408,220,CD4,189,0.07386390282793229
680,51418,214,CD8,185,0.07230064562522472
673,51208,224,Factor X,185,0.07230064562522472
695,51488,184,Non-squamous Epithelial Cells,183,0.07151901702387094
689,51191,193,CD64,180,0.07034657412184027
693,51387,187,Basophils,174,0.06800168831777892
653,51203,291,Factor IX,173,0.06761087401710203
696,51193,183,CD71,173,0.06761087401710203
697,51441,183,Bands,172,0.06722005971642514
699,51217,179,Glyco A,171,0.06682924541574826
698,51182,179,CD41,169,0.06604761681439447
667,52720,245,"HCG, Urine, Qualitative",167,0.0652659882130407
688,51220,195,Heinz Body Prep,167,0.0652659882130407
703,51272,173,"Protein S, Antigen",164,0.06409354531101003
687,51190,200,CD59,164,0.06409354531101003
686,51187,200,CD55,164,0.06409354531101003
700,51386,176,Bands,161,0.06292110240897934
705,51367,167,Basophils,160,0.06253028810830245
655,51209,271,Factor XI,156,0.0609670309055949
708,51022,162,"Glucose, Joint Fluid",153,0.05979458800356422
533,51291,790,Sickle Cells,152,0.05940377370288733
701,52276,175,NRBC,147,0.057449702199502885
707,52642,163,Troponin I,146,0.05705888789882599
692,51186,188,CD5 Absolute Count,146,0.05705888789882599
691,51185,188,CD5 %,146,0.05705888789882599
685,51202,202,Factor II,145,0.0566680735981491
704,51049,170,"Bilirubin, Total, Pleural",141,0.05510481639544154
711,51189,150,CD57,140,0.05471400209476465
715,50875,146,Anti-Parietal Cell Antibody,139,0.054323187794087756
710,51122,155,Nucleated RBC,138,0.053932373493410866
709,52358,158,Lining Cell,134,0.05236911629070331
713,52301,146,Lining Cell,134,0.05236911629070331
718,51385,138,Atypical Lymphocytes,131,0.051196673388672634
723,51270,131,"Protein C, Antigen",130,0.05080585908799575
721,51452,133,NRBC,130,0.05080585908799575
712,51502,149,Trichomonas,129,0.05041504478731886
714,51201,146,Epinepherine,128,0.050024230486641966
724,51365,131,Atypical Lymphocytes,127,0.049633416185965076
690,52279,189,Plasma,122,0.04767934468258063
706,51621,164,Ethylene Glycol,121,0.04728853038190373
717,51312,138,CD16/56,118,0.046116087479873065
727,51024,125,"Total Protein, Joint Fluid",118,0.046116087479873065
725,51286,128,Ristocetin,117,0.045725273179196176
719,51302,137,Young Cells,115,0.0449436445778424
726,51744,127,Toxoplasma IgM Ab Value,115,0.0449436445778424
720,51743,135,Toxoplasma IgM Ab,114,0.0445528302771655
722,51084,133,"Glucose, Urine",114,0.0445528302771655
716,51044,140,Triglycer,110,0.042989573074457936
584,50865,541,Amikacin,110,0.042989573074457936
736,50870,112,"Anti-Gliadin Antibody, IgA",108,0.042207944473104164
732,52108,115,dRVVT - Normalized Ratio,107,0.04181713017242727
733,52107,115,dRVVT - Confirmation,107,0.04181713017242727
730,51875,115,"Influenza B, Rapid Antigen",105,0.04103550157107349
731,51870,115,"Influenza A, Rapid Antigen",105,0.04103550157107349
739,51161,102,CD16,98,0.038299801466335257
740,51467,98,Broad Casts,98,0.038299801466335257
744,51494,92,RBC Casts,92,0.03595491566227391
745,51767,91,EE5,89,0.03478247276024324
729,52270,116,Metamyelocytes,86,0.03361002985821257
734,52181,114,Stomatocyte,86,0.03361002985821257
737,52257,109,"Hematocrit, CSF",83,0.0324375869561819
746,51062,91,"Chloride, Stool",82,0.03204677265550501
748,51179,87,CD38,82,0.03204677265550501
749,51433,84,NRBC,81,0.03165595835482812
728,51072,116,"Amylase, Urine",80,0.03126514405415123
751,51465,81,Bilirubin Crystals,79,0.030874329753474337
735,51073,114,"Amylase/Creatinine Ratio, Urine",79,0.030874329753474337
754,51713,80,Reflex Confirmatory Hepatitis C Viral Load,78,0.03048351545279745
755,51397,79,CD16/56,77,0.03009270115212056
750,53154,83,Lactate,75,0.02931107255076678
743,50844,95,"Lipase, Ascites",73,0.028529443949412994
757,51511,72,Urine Fat Bodies,72,0.02813862964873611
758,51380,68,NRBC,67,0.026184558145351654
742,51392,96,CD13,65,0.025402929543997876
741,50990,98,Theophylline,65,0.025402929543997876
752,51173,80,CD25,64,0.025012115243320983
753,51211,80,Factor XIII,64,0.025012115243320983
756,52268,78,Mesothelial cells,64,0.025012115243320983
760,51149,66,Bleeding Time,63,0.024621300942644093
702,51027,173,"Bicarbonate, Other Fluid",60,0.023448858040613422
766,51210,60,Factor XII,56,0.02188560083790586
770,51435,55,Plasma,54,0.021103972236552082
761,51413,64,CD56,54,0.021103972236552082
759,51171,67,CD22,53,0.02071315793587519
762,53127,63,Voided Specimen,53,0.02071315793587519
764,52176,61,Rouleaux,52,0.0203223436351983
773,51470,52,Calcium Phosphate Crystals,52,0.0203223436351983
738,51083,108,"Ethanol, Urine",52,0.0203223436351983
775,51692,51,"Monospot, Rapid Antigen",49,0.019149900733167628
763,51153,62,CD103,48,0.018759086432490735
777,52043,50,Voided Specimen,47,0.018368272131813846
694,51207,184,Factor VIII Inhibitor,47,0.018368272131813846
767,51318,60,CD25,46,0.017977457831136957
788,51409,46,CD4/CD8 Ratio,44,0.017195829229783178
783,50840,47,"Cholesterol, Ascites",44,0.017195829229783178
768,52335,56,TdT,43,0.016805014929106285
787,52177,46,SCT - Confirmation,43,0.016805014929106285
786,52178,46,SCT - Normalized Ratio,43,0.016805014929106285
785,51295,46,TdT,42,0.016414200628429396
781,51241,48,Leukocyte Alkaline Phosphatase,42,0.016414200628429396
765,51390,60,CD117,41,0.016023386327752506
776,51045,51,"Urea Nitrogen, Body Fluid",41,0.016023386327752506
774,52274,52,Myelocytes,41,0.016023386327752506
771,52283,53,Promyelocytes,40,0.015632572027075613
794,51023,40,"LD, Joint Fluid",39,0.015241757726398726
778,51405,50,CD33,38,0.014850943425721833
796,52551,39,D-Dimer,38,0.014850943425721833
792,52129,41,Hemoglobin Other,38,0.014850943425721833
789,51322,46,CD38,38,0.014850943425721833
769,51395,55,CD15,38,0.014850943425721833
784,51407,46,CD38,38,0.014850943425721833
772,51036,53,"Lipase, Body Fluid",38,0.014850943425721833
801,51776,36,<Albumin>,36,0.014069314824368054
799,50845,36,"Miscellaneous, Ascites",36,0.014069314824368054
782,51061,47,"Bicarbonate, Stool",36,0.014069314824368054
780,50848,48,"Sodium, Ascites",36,0.014069314824368054
779,53144,49,ANCA Titer,35,0.013678500523691163
790,52263,45,Lining Cell,35,0.013678500523691163
798,51675,38,INR(PT),34,0.013287686223014274
797,51042,39,"Sodium, Body Fluid",34,0.013287686223014274
795,51393,40,CD138,34,0.013287686223014274
808,51495,33,RBC Clumps,33,0.01289687192233738
793,51316,41,CD22,33,0.01289687192233738
791,51394,41,CD14,33,0.01289687192233738
800,51897,36,Surfactant/Albumin,32,0.012506057621660491
804,51329,35,CD57,32,0.012506057621660491
806,51806,34,Voided Specimen,31,0.012115243320983602
802,51041,35,"Potassium, Body Fluid",31,0.012115243320983602
813,51490,30,Oval Fat Body,30,0.011724429020306711
812,51475,30,Epithelial Casts,30,0.011724429020306711
817,51456,28,Promyelocytes,28,0.01094280041895293
807,51304,34,CD103,27,0.010551986118276041
805,50847,35,"Potassium, Ascites",27,0.010551986118276041
818,51311,27,CD16,27,0.010551986118276041
819,51714,27,Reflex HIV Confirmation,26,0.01016117181759915
815,51391,29,CD11c,26,0.01016117181759915
810,51415,32,CD64,26,0.01016117181759915
814,51030,30,"Chloride, Body Fluid",25,0.009770357516922259
816,50959,29,Macro Prolactin,25,0.009770357516922259
821,51461,25,Ammonium Biurate,25,0.009770357516922259
747,52227,89,Blasts,24,0.009379543216245368
809,50839,32,"Chloride, Ascites",24,0.009379543216245368
820,51449,25,Metamyelocytes,24,0.009379543216245368
824,51430,22,Metamyelocytes,22,0.008597914614891589
811,50837,31,"Bicarbonate, Ascites",22,0.008597914614891589
826,50851,21,"Urea Nitrogen, Ascites",20,0.007816286013537807
825,51403,22,CD25,18,0.007034657412184027
827,51119,18,Metamyelocytes,17,0.006643843111507137
828,51472,16,Cholesterol Crystals,16,0.006253028810830246
803,51253,35,Monocyte Count,16,0.006253028810830246
835,52307,15,Plasma,15,0.0058622145101533555
829,51401,16,CD22,15,0.0058622145101533555
836,51126,15,Promyelocytes,15,0.0058622145101533555
843,51031,14,"Cholesterol, Body Fluid",14,0.005471400209476465
842,51378,14,Metamyelocytes,14,0.005471400209476465
839,51468,14,Calcium Carbonate Crystals,14,0.005471400209476465
837,51410,15,CD41,14,0.005471400209476465
841,51451,14,Myelocytes,14,0.005471400209476465
832,51308,15,CD138,14,0.005471400209476465
831,51417,15,CD71,14,0.005471400209476465
830,51924,16,Voided Specimen,14,0.005471400209476465
834,51414,15,CD57,13,0.005080585908799575
838,51791,14,HIV 1 Viral Load,13,0.005080585908799575
840,51480,14,Hematocrit,13,0.005080585908799575
833,51396,15,CD16,13,0.005080585908799575
844,51421,14,Glyco A,13,0.005080585908799575
845,51473,13,Cysteine Crystals,12,0.004689771608122684
847,51121,12,Myelocytes,12,0.004689771608122684
846,52373,13,TdT,12,0.004689771608122684
848,51157,12,CD138,11,0.0042989573074457945
849,51432,11,Myelocytes,11,0.0042989573074457945
858,51437,10,Promyelocytes,10,0.003908143006768903
822,50962,24,N-Acetylprocainamide (NAPA),10,0.003908143006768903
850,52311,10,Promyelocytes,10,0.003908143006768903
851,51039,10,"Osmolality, Body Fluid",10,0.003908143006768903
854,51477,10,Free Fat,10,0.003908143006768903
855,51665,10,HPE9,10,0.003908143006768903
823,50972,24,Procainamide,10,0.003908143006768903
860,51019,9,"Albumin, Joint Fluid",9,0.0035173287060920135
859,51055,9,"Lipase, Pleural",9,0.0035173287060920135
856,51443,10,Blasts,9,0.0035173287060920135
852,51389,10,CD103,9,0.0035173287060920135
857,51029,10,"Calcium, Body Fluid",8,0.003126514405415123
853,51040,10,"Phosphate, Body Fluid",8,0.003126514405415123
863,51827,9,Voided Specimen,8,0.003126514405415123
864,52305,8,Myelocytes,8,0.003126514405415123
866,51500,8,Sulfonamides,8,0.003126514405415123
865,51504,8,Tyrosine Crystals,7,0.0027357001047382326
871,51258,6,Osmotic Fragility,6,0.002344885804061342
874,52184,6,TCR Alpha-Beta,6,0.002344885804061342
873,52185,6,TCR Gamma-Delta,6,0.002344885804061342
870,51327,6,CD55,6,0.002344885804061342
867,51037,8,"Magnesium, Body Fluid",6,0.002344885804061342
862,52092,9,CD56 %,6,0.002344885804061342
861,52093,9,CD56 Absolute Count,6,0.002344885804061342
868,50846,7,"Osmolality, Ascites",5,0.0019540715033844517
872,51020,6,"Amylase, Joint Fluid",5,0.0019540715033844517
876,51496,5,"Reducing Substances, Urine",5,0.0019540715033844517
877,51058,5,"Sodium, Pleural",5,0.0019540715033844517
878,51330,5,CD59,5,0.0019540715033844517
880,51485,5,Leucine Crystals,5,0.0019540715033844517
881,51057,5,"Potassium, Pleural",5,0.0019540715033844517
882,52370,5,Voided Specimen,5,0.0019540715033844517
887,51483,4,Hyphenated Yeast,4,0.0015632572027075614
883,52331,4,TCR Alpha-Beta,4,0.0015632572027075614
884,52332,4,TCR Gamma-Delta,4,0.0015632572027075614
886,51783,4,"Bilirubin, Total, CSF",4,0.0015632572027075614
875,51280,5,Reptilase Time,4,0.0015632572027075614
879,51278,5,Red Blood Cell Fragments,3,0.001172442902030671
888,52288,3,Young,3,0.001172442902030671
889,52088,3,CD 1a,3,0.001172442902030671
891,52406,3,Voided Specimen,3,0.001172442902030671
892,51113,3,Blasts,3,0.001172442902030671
893,51021,3,"Creatinine, Joint Fluid",3,0.001172442902030671
894,51129,3,Young,3,0.001172442902030671
895,51048,3,"Bicarbonate, Pleural",3,0.001172442902030671
885,51281,4,Reptilase Time Control,3,0.001172442902030671
898,50832,2,"pO2, Body Fluid",2,0.0007816286013537807
902,52341,2,CD 1a,2,0.0007816286013537807
901,52339,2,Blasts,2,0.0007816286013537807
900,52410,2,Fatty Casts,2,0.0007816286013537807
899,50830,2,"pCO2, Body Fluid",2,0.0007816286013537807
897,52355,2,Hypersegmented Neutrophils,2,0.0007816286013537807
896,51050,2,"Chloride, Pleural",2,0.0007816286013537807
890,52287,3,Voided Specimen,2,0.0007816286013537807
869,52319,6,CD 1a,2,0.0007816286013537807
903,52032,1,P50 of Hemoglobin,1,0.00039081430067689036
904,51826,1,"Uric Acid, Joint Fluid",1,0.00039081430067689036
905,52066,1,Voided Specimen,1,0.00039081430067689036
906,52313,1,Voided Specimen,1,0.00039081430067689036
907,52294,1,Blasts,1,0.00039081430067689036
908,52392,1,Voided Specimen,1,0.00039081430067689036
909,51927,1,"Albumin, Stool",1,0.00039081430067689036
910,51784,1,"Chloride, CSF",1,0.00039081430067689036
911,51459,1,Young Cells,1,0.00039081430067689036
912,52113,1,Factor IX Inhibitor,1,0.00039081430067689036
913,52371,1,Young,1,0.00039081430067689036
914,52055,1,Hyperseg,1,0.00039081430067689036
