,itemid,sepsis_counts,label,unique_patients,percentage_of_sepsis_patients,percentage_of_all_patients
0,50912,772371,Creatinine,12608,100.0,93.74423548906502
1,50971,767975,Potassium,12603,99.96034263959392,91.19026403414153
2,50983,762463,Sodium,12603,99.96034263959392,91.14258468945896
3,51006,762416,Urea Nitrogen,12606,99.98413705583756,93.02122903281277
4,50902,755677,Chloride,12603,99.96034263959392,91.07653707264456
5,51221,752586,Hematocrit,12608,100.0,94.99015147962294
6,50882,736681,Bicarbonate,12603,99.96034263959392,90.71425221591709
7,51265,736409,Platelet Count,12608,100.0,94.88736731854492
8,50868,735153,Anion Gap,12603,99.96034263959392,90.68259625756225
9,51222,725004,Hemoglobin,12608,100.0,94.86352764620362
10,51301,720770,White Blood Cells,12608,100.0,94.84633181697384
11,51249,719753,MCHC,12608,100.0,94.84086041676437
12,51279,719718,Red Blood Cells,12608,100.0,94.84086041676437
13,51250,719717,MCV,12608,100.0,94.84086041676437
14,51248,719717,MCH,12608,100.0,94.84086041676437
15,51277,719657,RDW,12608,100.0,94.83812471665964
16,50931,682094,Glucose,12604,99.96827411167513,91.64634432303147
17,50960,614883,Magnesium,12547,99.51618020304569,61.80181025184074
18,50893,613996,"Calcium, Total",12545,99.50031725888326,64.73565320702215
19,50970,599449,Phosphate,12532,99.3972081218274,61.011583735872065
20,51237,371416,INR(PT),12328,97.77918781725889,61.53879222748518
21,51274,371341,PT,12328,97.77918781725889,61.536447341681125
22,51275,350028,PTT,12296,97.5253807106599,60.120917944629426
23,51678,347217,L,6779,53.76744923857868,39.869702512154326
24,50947,347214,I,6780,53.7753807106599,39.873610655161094
25,50934,347214,H,6779,53.76744923857868,39.87243821225906
26,52172,343126,RDW-SD,7832,62.119289340101524,46.97587894136222
27,50861,318932,Alanine Aminotransferase (ALT),12229,96.99397208121827,62.9508042958308
28,50878,317218,Asparate Aminotransferase (AST),12228,96.98604060913706,62.12735856430458
29,50885,307583,"Bilirubin, Total",12170,96.5260152284264,57.088980599978115
30,50863,299542,Alkaline Phosphatase,12167,96.50222081218274,58.180524941768674
31,51256,250237,Neutrophils,12514,99.25444162436548,86.98901030186497
32,51244,250237,Lymphocytes,12514,99.25444162436548,86.98901030186497
33,51254,250236,Monocytes,12514,99.25444162436548,86.98901030186497
34,51146,250235,Basophils,12514,99.25444162436548,86.98901030186497
35,51200,250235,Eosinophils,12514,99.25444162436548,86.98901030186497
36,52033,227993,Specimen Type,10993,87.19067258883248,26.069267926651975
37,50920,213428,Estimated GFR (MDRD equation),12608,100.0,93.63246259907142
38,50820,208075,pH,10265,81.41656091370558,22.97792680829777
39,50821,193785,pO2,10031,79.5605964467005,21.25951632822148
40,50804,193727,Calculated Total CO2,10033,79.57645939086294,21.265769357032312
41,50802,193715,Base Excess,10033,79.57645939086294,21.26616017133299
42,50818,193688,pCO2,10030,79.55266497461929,21.25990714252216
43,50862,179402,Albumin,11782,93.44860406091371,50.715580984539386
44,50813,175657,Lactate,12358,98.01713197969542,42.97315887382951
45,50954,148526,Lactate Dehydrogenase (LD),10427,82.70145939086294,27.50355641013616
46,52075,115539,Absolute Neutrophil Count,7691,61.00095177664975,42.768762994575496
47,52073,111012,Absolute Eosinophil Count,7686,60.961294416243646,42.74101517922744
48,52074,110999,Absolute Monocyte Count,7686,60.961294416243646,42.73945192202473
49,52069,110999,Absolute Basophil Count,7686,60.961294416243646,42.73945192202473
50,51133,110999,Absolute Lymphocyte Count,7686,60.961294416243646,42.73945192202473
51,51498,110051,Specific Gravity,12122,96.14530456852792,73.5676655880192
52,51491,110051,pH,12122,96.14530456852792,73.5676655880192
53,51486,110051,Leukocytes,12122,96.14530456852792,73.5676655880192
54,51478,110051,Glucose,12122,96.14530456852792,73.5676655880192
55,51508,110051,Urine Color,12122,96.14530456852792,73.5676655880192
56,51506,110051,Urine Appearance,12122,96.14530456852792,73.5676655880192
57,51484,110050,Ketone,12122,96.14530456852792,73.5676655880192
58,51514,110050,Urobilinogen,12122,96.14530456852792,73.5676655880192
59,51464,110050,Bilirubin,12122,96.14530456852792,73.5676655880192
60,51487,110050,Nitrite,12122,96.14530456852792,73.5676655880192
61,51492,110050,Protein,12122,96.14530456852792,73.5676655880192
62,51466,110050,Blood,12122,96.14530456852792,73.5676655880192
63,50808,98818,Free Calcium,7638,60.58058375634518,15.794759961856524
64,51087,92745,Length of Urine Collection,11115,88.15831218274111,64.37414997889603
65,51476,87957,Epithelial Cells,11837,93.88483502538071,57.713111038159106
66,51516,87956,WBC,11837,93.88483502538071,57.71389266676046
67,51519,87956,Yeast,11837,93.88483502538071,57.713111038159106
68,51463,87956,Bacteria,11837,93.88483502538071,57.71389266676046
69,51493,87955,RBC,11836,93.8769035532995,57.71350185245978
70,51266,86196,Platelet Smear,8970,71.14530456852792,18.226015726367457
71,51137,80234,Anisocytosis,8667,68.74206852791879,17.960262001907175
72,51267,80061,Poikilocytosis,8685,68.88483502538071,18.003251574981633
73,51246,79028,Macrocytes,8567,67.94892131979695,17.74179680782879
74,51268,78374,Polychromasia,8562,67.90926395939087,17.74101517922744
75,51252,78047,Microcytes,8467,67.15577411167513,17.649955447169724
76,51233,77858,Hypochromia,8502,67.43337563451777,17.671059419406273
77,51144,77040,Bands,8049,63.84041878172588,14.76105613656615
78,52135,74438,Immature Granulocytes,7041,55.84549492385786,41.59084869233535
79,51251,73031,Metamyelocytes,7780,61.70685279187818,13.16497053260173
80,51255,72563,Myelocytes,7701,61.080266497461935,13.09462395847989
81,51143,72114,Atypical Lymphocytes,7630,60.51713197969543,13.075474057746723
82,51003,70803,Troponin T,9486,75.23794416243655,34.506948678266035
83,50817,60648,Oxygen Saturation,7126,56.51967005076142,12.8745955071988
84,50822,58759,"Potassium, Whole Blood",8184,64.91116751269035,25.231362066000717
85,50812,57876,Intubated,7582,60.13642131979695,14.410104894558302
86,51512,56085,Urine Mucous,10732,85.12055837563452,46.13328330910284
87,50910,54748,Creatine Kinase (CK),8793,69.74143401015228,29.178586502837312
88,50825,52885,Temperature,6652,52.76015228426396,8.088292766808923
89,50911,50549,"Creatine Kinase, MB Isoenzyme",8001,63.459708121827404,22.742265784989605
90,50809,49536,Glucose,6514,51.66560913705583,18.29362660038456
91,51009,47855,Vancomycin,8017,63.5866116751269,9.213056324157014
92,50956,44513,Lipase,9410,74.63515228426397,36.063952852162764
93,51260,41566,Ovalocytes,5986,47.47779187817259,9.626928668573841
94,51082,37971,"Creatinine, Urine",7430,58.930837563451774,19.33319264018509
95,51214,36379,"Fibrinogen, Functional",6220,49.33375634517766,14.065406681361283
96,50887,35867,Blue Top Hold,9221,73.13610406091371,54.17780487423596
97,50986,34351,tacroFK,485,3.846763959390863,0.7745939439415968
98,50816,33770,Oxygen,5097,40.42671319796954,6.856055276774688
99,50933,33610,Green Top Hold (plasma),8490,67.33819796954315,59.702746642905154
100,51007,33000,Uric Acid,2897,22.97747461928934,9.272850912160578
101,50993,32091,Thyroid Stimulating Hormone,7629,60.50920050761421,38.90908096109053
102,50955,31346,Light Green Top Hold,8713,69.10691624365482,48.969422689115035
103,50819,29738,PEEP,4241,33.6373730964467,5.0868389376104055
104,50976,28617,"Protein, Total",4952,39.276649746192895,18.081805249417688
105,50979,27794,Red Top Hold,7227,57.32074873096447,28.108536947583985
106,51257,26808,Nucleated Red Cells,4179,33.14562182741117,5.617173943628946
107,50827,26769,Ventilation Rate,4567,36.22303299492386,5.7836608357173
108,51482,26507,Hyaline Casts,8117,64.37975888324873,19.52547327611812
109,51296,26380,Teardrop Cells,4132,32.77284263959391,5.963044599727993
110,51000,25898,Triglycerides,6396,50.72969543147208,33.0312338789101
111,51103,25629,Uhold,7857,62.31757614213198,31.406228016695586
112,50826,24481,Tidal Volume,4180,33.15355329949238,5.180634369772859
113,50924,24060,Ferritin,7174,56.9003807106599,21.565523925651487
114,50883,23932,"Bilirubin, Direct",5012,39.75253807106599,10.69150682361769
115,51218,23211,Granulocyte Count,1070,8.486675126903553,2.498085009926683
116,50824,23065,"Sodium, Whole Blood",5924,46.986040609137056,16.901936875674153
117,50930,22688,Globulin,3780,29.980964467005077,14.167409213837953
118,50884,22622,"Bilirubin, Indirect",4797,38.047271573604064,10.297956822836062
119,51287,22571,Schistocytes,3933,31.194479695431472,5.3869843205302566
120,50852,22243,% Hemoglobin A1c,5405,42.869606598984774,29.20672513248605
121,50810,21842,"Hematocrit, Calculated",5433,43.09168781725889,14.241663930966562
122,50811,21839,Hemoglobin,5433,43.09168781725889,14.241663930966562
123,50952,20964,Iron,7089,56.226205583756354,20.35126389344839
124,50907,20611,"Cholesterol, Total",5210,41.32296954314721,32.786584126686364
125,50889,20061,C-Reactive Protein,4719,37.42861675126903,16.487282902655977
126,51100,20002,"Sodium, Urine",6791,53.8626269035533,11.421938751582799
127,50904,19567,"Cholesterol, HDL",5059,40.12531725888325,32.26367459238069
128,50903,19353,Cholesterol Ratio (Total/HDL),4956,39.308375634517766,32.132360987353245
129,50998,19314,Transferrin,6888,54.631979695431475,19.045944129187575
130,50953,19287,"Iron Binding Capacity, Total",6885,54.608185279187815,19.042035986180807
131,50867,18836,Amylase,4419,35.049175126903556,12.354030858697183
132,51613,18678,eAG,4975,39.45907360406091,26.55036033078522
133,51102,17647,"Total Protein, Urine",3138,24.888959390862944,8.582282042864513
134,50905,17552,"Cholesterol, LDL, Calculated",4775,37.87277918781726,30.657037002297987
135,50828,17298,Ventilator,4403,34.922271573604064,8.436117494411356
136,50963,16944,NTproBNP,5251,41.648159898477154,11.261704888305273
137,50806,16159,"Chloride, Whole Blood",5315,42.15577411167513,15.849473963951288
138,51099,15653,Protein/Creatinine Ratio,2729,21.64498730964467,6.898263221247792
139,51107,15294,"Urine tube, held",6225,49.37341370558376,31.66338382654098
140,50919,14668,EDTA Hold,5699,45.201459390862944,17.750003908143004
141,51093,14449,"Osmolality, Urine",5633,44.67798223350254,9.008660444902999
142,50935,14262,Haptoglobin,5362,42.52855329949238,7.955806718879457
143,51010,13736,Vitamin B12,5801,46.01046954314721,20.642029733151997
144,52111,13098,Echinocytes,4519,35.84232233502538,5.669152245618972
145,51283,12448,"Reticulocyte Count, Automated",4992,39.59390862944163,9.394784973971767
146,51501,12410,Transitional Epithelial Cells,5374,42.62373096446701,14.495302412105865
147,51097,12252,"Potassium, Urine",4918,39.00697969543147,7.818240085041192
148,51078,11766,"Chloride, Urine",4793,38.01554568527919,7.615016648689209
149,51104,11450,"Urea Nitrogen, Urine",5023,39.839784263959395,7.247651206052932
150,50950,11292,Immunoglobulin G,2383,18.90069796954315,5.501883724929263
151,52023,10893,Assist/Control,2926,23.20748730964467,3.069455517516297
152,51148,10737,Blasts,401,3.1805203045685277,0.552220606856446
153,50995,10420,"Thyroxine (T4), Free",3418,27.109771573604064,14.386265222217013
154,50922,9076,Ethanol,3672,29.124365482233504,20.788975910206506
155,50853,8661,25-OH Vitamin D,2798,22.19225888324873,11.805327580546827
156,50949,8542,Immunoglobulin A,2343,18.583439086294415,6.720833528740483
157,50941,8426,Hepatitis B Surface Antigen,4556,36.13578680203046,15.703700229798809
158,51288,8422,Sedimentation Rate,2524,20.019035532994923,10.114274101517923
159,50914,8300,Cyclosporin,205,1.625951776649746,0.256764995544717
160,50965,8258,Parathyroid Hormone,2148,17.03680203045685,6.204177023245635
161,50856,8217,Acetaminophen,3860,30.61548223350254,21.2423204989917
162,50951,7994,Immunoglobulin M,2136,16.941624365482234,4.899248073285498
163,50981,7940,Salicylate,3766,29.86992385786802,21.003142146977442
164,50940,7920,Hepatitis B Surface Antibody,4379,34.73191624365482,14.420656880676578
165,51462,7884,Amorphous Crystals,4628,36.70685279187818,9.572605480779753
166,51294,7841,Target Cells,2431,19.281408629441625,3.003798715002579
167,50999,7799,Tricyclic Antidepressant Screen,3699,29.3385152284264,20.875736684956774
168,51092,7774,"Opiate Screen, Urine",3176,25.190355329949238,17.773843580484296
169,50943,7763,Hepatitis C Virus Antibody,4580,36.326142131979694,16.16837843330363
170,50975,7743,Protein Electrophoresis,2575,20.423540609137056,7.424690084259564
171,50925,7739,Folate,4199,33.30425126903553,12.98519595429036
172,51079,7725,"Cocaine, Urine",3177,25.198286802030456,17.795729181322205
173,51075,7645,"Benzodiazepine Screen, Urine",3178,25.206218274111674,17.742187622129467
174,51071,7635,"Amphetamine Screen, Urine",3166,25.11104060913706,17.749613093842328
175,51090,7632,"Methadone, Urine",3161,25.071383248730967,17.698416420453658
176,50909,7603,Cortisol,3202,25.39657360406091,4.749566196126249
177,51074,7519,"Barbiturate Screen, Urine",3161,25.071383248730967,17.713658178180054
178,50900,7476,Carcinoembyronic Antigen (CEA),1517,12.032043147208121,3.618158795666651
179,50942,6936,Hepatitis B Virus Core Antibody,4039,32.035215736040605,11.013928621676124
180,50964,6936,"Osmolality, Measured",2743,21.756027918781726,5.152886554424799
181,51282,6778,"Reticulocyte Count, Absolute",2863,22.70780456852792,4.601838390470384
182,51518,6625,WBC Clumps,2961,23.48508883248731,4.234472947834107
183,51292,6517,Spherocytes,1579,12.523794416243655,1.8540230424111677
184,50880,6456,Benzodiazepine Screen,3077,24.40513959390863,17.58859760196345
185,50879,6447,Barbiturate Screen,3076,24.39720812182741,17.576873172943145
186,50974,6440,Prostate Specific Antigen,1742,13.816624365482234,6.983851553096031
187,51069,6382,"Albumin, Urine",2017,15.99777918781726,7.612280948584472
188,51070,6203,"Albumin/Creatinine, Urine",1994,15.815355329949238,7.453219528208976
189,52171,6051,RBC Morphology,999,7.9235406091370555,1.7098125654613952
190,50908,5799,CK-MB Index,1931,15.315672588832488,3.7787834732448533
191,51145,5580,Basophilic Stippling,1888,14.974619289340103,2.2120089418311997
192,50823,5580,Required O2,2374,18.82931472081218,2.6970094889712204
193,50801,5569,Alveolar-arterial Gradient,2371,18.805520304568528,2.694664603167159
194,51865,5493,Influenza A by PCR,2898,22.985406091370557,4.752301896230987
195,51873,5493,Influenza B by PCR,2898,22.985406091370557,4.752301896230987
196,53153,5083,HIV Screen,3216,25.50761421319797,14.384311150713627
197,51706,4990,Problem Specimen,3187,25.27760152284264,7.405149369225719
198,50864,4984,Alpha-Fetoprotein,1242,9.850888324873095,3.009270115212056
199,51479,4957,Granular Casts,3194,25.33312182741117,4.166080445215652
200,50967,4613,Phenytoin,424,3.362944162436548,1.486657599774891
201,51197,4581,Elliptocytes,1629,12.920368020304569,2.2780565586455936
202,51134,4458,Acanthocytes,1930,15.30774111675127,2.353483718676234
203,51120,4440,Monocytes,1173,9.303616751269034,1.3698041238725007
204,51125,4440,Polys,1173,9.303616751269034,1.3698041238725007
205,51116,4440,Lymphocytes,1173,9.303616751269034,1.3698041238725007
206,52065,4440,"Total Nucleated Cells, Ascites",1173,9.303616751269034,1.3698041238725007
207,51176,4385,"CD3 Cells, Percent",775,6.146890862944162,2.06740765058075
208,51127,4353,"RBC, Ascites",1149,9.113261421319798,1.3467460801325641
209,51180,4279,"CD4 Cells, Percent",719,5.7027284263959395,1.9470368459722678
210,51194,4275,"CD8 Cells, Percent",718,5.694796954314721,1.9458644030702372
211,51098,4164,"Prot. Electrophoresis, Urine",1591,12.618972081218274,3.6068251809470206
212,51132,4112,Absolute CD8 Count,624,4.949238578680204,1.771952039269021
213,51131,4112,Absolute CD4 Count,624,4.949238578680204,1.771952039269021
214,51130,4112,Absolute CD3 Count,624,4.949238578680204,1.771952039269021
215,51181,4112,CD4/CD8 Ratio,624,4.949238578680204,1.771952039269021
216,51245,4112,"Lymphocytes, Percent",624,4.949238578680204,1.771952039269021
217,51300,4112,WBC Count,624,4.949238578680204,1.771952039269021
218,52769,4112,Absolute Lymphocyte Count,624,4.949238578680204,1.771952039269021
219,50803,3947,"Calculated Bicarbonate, Whole Blood",2608,20.685279187817258,7.522784473729463
220,50815,3905,O2 Flow,2239,17.758565989847718,2.438681236223796
221,51085,3826,"HCG, Urine, Qualitative",1202,9.533629441624365,18.855226750457252
222,51752,3766,Voided Specimen,2192,17.385786802030456,3.903844049461458
223,50978,3675,Rapamycin,129,1.0231598984771573,0.181728649814754
224,51117,3620,Macrophage,995,7.891814720812183,1.1841673310509777
225,50917,3553,Digoxin,805,6.384835025380712,1.4780596851599994
226,51269,3521,Promyelocytes,932,7.392131979695432,1.1677531304225486
227,51657,3512,HPE1,2140,16.973350253807105,6.224108552580156
228,51219,3461,H/O Smear,1721,13.650063451776651,2.9768325282558736
229,51989,3379,Oxycodone,1754,13.911802030456851,8.239537901170879
230,51625,3361,Free Kappa,525,4.164022842639594,1.0630148978411418
231,51627,3358,Free Lambda,525,4.164022842639594,1.0626240835404648
232,50906,3344,"Cholesterol, LDL, Measured",1482,11.754441624365482,7.557957760790384
233,51626,3337,Free Kappa/Free Lambda Ratio,525,4.164022842639594,1.062233269239788
234,51658,3325,HPE2,2060,16.338832487309645,5.419031093185762
235,51259,3281,Other Cells,721,5.718591370558376,1.0626240835404648
236,50873,3272,Anti-Nuclear Antibody,2384,18.908629441624367,8.05116540824462
237,51733,3148,STX2,1623,12.87277918781726,7.47666838624959
238,51659,3136,HPE3,1959,15.537753807106599,4.514686801419438
239,51663,3120,HPE7,2073,16.441941624365484,6.308133627225687
240,50927,3087,Gamma Glutamyltransferase,1672,13.261421319796954,3.3961762728821774
241,50994,2882,Thyroxine (T4),1512,11.99238578680203,4.321624536885054
242,51118,2851,Mesothelial Cell,860,6.821065989847716,1.0329221966890214
243,51734,2779,STX3,1708,13.546954314720812,7.597430005158749
244,51147,2769,Bite Cells,1286,10.1998730964467,1.4624271131329236
245,52007,2768,UTX4,1532,12.151015228426395,6.998702496521752
246,52264,2754,Lymphs,1101,8.73255076142132,3.4942706623520765
247,52281,2754,Polys,1101,8.73255076142132,3.4942706623520765
248,52272,2754,Monocytes,1101,8.73255076142132,3.4942706623520765
249,52286,2751,"Total Nucleated Cells, CSF",1101,8.73255076142132,3.4942706623520765
250,52285,2740,"RBC, CSF",1100,8.724619289340103,3.4860635620378617
251,52010,2732,UTX7,1521,12.063769035532996,6.9518047804405265
252,52008,2729,UTX5,1525,12.095494923857867,6.980334224389939
253,52006,2726,UTX3,1511,11.984454314720812,6.946333380231049
254,52004,2725,UTX1,1526,12.103426395939087,6.976816895683847
255,50849,2711,"Total Protein, Ascites",977,7.749048223350254,1.1290625146555362
256,51732,2691,STX1,1666,13.213832487309645,7.516140630617955
257,50915,2668,D-Dimer,1753,13.903870558375633,6.843158404852351
258,51737,2661,STX6,1642,13.023477157360405,7.479404086354329
259,52005,2632,UTX2,1519,12.047906091370558,6.958057809251356
260,52009,2632,UTX6,1462,11.595812182741117,6.699338742203255
261,50937,2560,Hepatitis A Virus Antibody,2075,16.45780456852792,5.9087214119339055
262,52391,2454,"Total Nucleated Cells, Pleural",1299,10.302982233502538,1.6781566071065672
263,51446,2453,Lymphocytes,1299,10.302982233502538,1.6781566071065672
264,51450,2453,Monos,1299,10.302982233502538,1.6781566071065672
265,51455,2453,Polys,1299,10.302982233502538,1.6781566071065672
266,51564,2427,ARCH-1,1738,13.784898477157359,6.997920867920398
267,51059,2380,"Total Protein, Pleural",1289,10.223667512690355,1.6601791492754303
268,51054,2375,"Lactate Dehydrogenase, Pleural",1284,10.184010152284264,1.6554893776673079
269,51474,2373,Eosinophils,1630,12.928299492385786,1.9943253763541717
270,51598,2370,Cytomegalovirus Viral Load,461,3.6564086294416245,0.6018540230424111
271,51008,2366,Valproic Acid,351,2.783946700507614,1.183385702449624
272,50835,2284,"Albumin, Ascites",908,7.201776649746193,1.050899654520158
273,51457,2265,"RBC, Pleural",1231,9.763642131979696,1.5769357032312525
274,51053,2254,"Glucose, Pleural",1238,9.819162436548224,1.568337788616361
275,51469,2219,Calcium Oxalate Crystals,1361,10.794733502538072,4.2606575059794585
276,51216,2196,Fragmented Cells,946,7.503172588832488,1.0860729415810784
277,50866,2188,Ammonia,1109,8.796002538071065,1.5339461301567947
278,51001,2166,Triiodothyronine (T3),1040,8.248730964467004,3.3813253294564554
279,51213,2062,Fibrin Degradation Products,930,7.376269035532995,0.7902265159686722
280,51431,2035,Monos,1202,9.533629441624365,1.2709281058012474
281,51427,2035,Lymphocytes,1202,9.533629441624365,1.2709281058012474
282,51436,2035,Polys,1202,9.533629441624365,1.2709281058012474
283,51228,2019,Heparin,201,1.5942258883248732,0.22549985149056573
284,51802,1987,"Total Protein, CSF",1078,8.5501269035533,3.4520627178789725
285,52036,1945,Voided Specimen,1562,12.388959390862944,1.903656458597133
286,51790,1923,"Glucose, CSF",1063,8.431154822335026,3.4110272163078994
287,50948,1854,Immunofixation,926,7.344543147208121,1.8317466272725853
288,51240,1854,Large Platelets,343,2.720494923857868,0.5995091372383499
289,50842,1796,"Glucose, Ascites",810,6.424492385786802,0.9004361487595555
290,50891,1793,C4,884,7.011421319796954,2.367553033500602
291,50890,1765,C3,864,6.852791878172589,2.1995028842095388
292,51447,1749,Macrophages,1025,8.12975888324873,1.3287686223014272
293,50831,1676,pH,1006,7.979060913705584,1.3092279072675828
294,51086,1620,"Immunofixation, Urine",811,6.432423857868021,1.244743547655896
295,51231,1618,Howell-Jolly Bodies,366,2.902918781725888,0.39120511497756727
296,50929,1577,Gentamicin,431,3.4184644670050757,0.3810439431599681
297,51046,1564,"Albumin, Pleural",960,7.614213197969544,1.1779143022401475
298,50988,1554,Testosterone,632,5.012690355329949,2.951038784411199
299,50881,1473,Beta-2 Microglobulin,387,3.0694796954314723,0.9883693664118558
300,51051,1461,"Cholesterol, Pleural",880,6.979695431472082,1.0895902702871705
301,51338,1458,Immunophenotyping,543,4.306789340101523,0.8926198627460176
302,51236,1453,Inpatient Hematology/Oncology Smear,951,7.542829949238579,1.265847519892448
303,52312,1436,"Total Nucleated Cells, Joint",787,6.242068527918781,1.6027294470759272
304,51382,1435,Polys,786,6.2341370558375635,1.6019478184745737
305,51379,1435,Monocytes,786,6.2341370558375635,1.6019478184745737
306,51375,1435,Lymphocytes,786,6.2341370558375635,1.6019478184745737
307,51428,1408,Macrophage,917,7.273159898477158,0.9332645500164142
308,50997,1407,Tobramycin,426,3.378807106598985,0.2395691663149338
309,51497,1402,Renal Epithelial Cells,1124,8.914974619289339,2.362863261892479
310,50843,1400,"Lactate Dehydrogenase, Ascites",723,5.734454314720812,0.7902265159686722
311,51196,1378,D-Dimer,740,5.869289340101523,2.6204098860385496
312,50961,1330,Methotrexate,80,0.6345177664974619,0.11880754740577466
313,51448,1325,Mesothelial Cells,836,6.630710659898477,1.0997514421047694
314,50946,1301,Human Chorionic Gonadotropin,601,4.7668147208121825,7.095624443089621
315,50892,1300,CA-125,272,2.1573604060913705,1.0458190686113586
316,51089,1290,Marijuana,396,3.140862944162436,1.5925682752583283
317,51108,1274,Urine Volume,647,5.131662436548224,2.3175288030139596
318,51094,1257,pH,638,5.060279187817259,2.292125873469962
319,51736,1241,STX5,886,7.027284263959391,3.7584611296096546
320,51735,1240,STX4,886,7.027284263959391,3.760415201113039
321,50898,1236,Cancer Antigen 27.29,110,0.8724619289340102,0.517047319795526
322,50996,1224,"Tissue Transglutaminase Ab, IgA",979,7.7649111675126905,4.987962919539152
323,51383,1222,"RBC, Joint Fluid",715,5.6710025380710665,1.4530475699166785
324,51373,1221,"Joint Crystals, Number",742,5.88515228426396,1.500726914599259
325,51261,1157,Pappenheimer Bodies,539,4.27506345177665,0.5815316794072128
326,50836,1154,"Amylase, Ascites",597,4.7350888324873095,0.7351216995732308
327,50872,1143,Anti-Neutrophil Cytoplasmic Antibody,907,7.193845177664975,2.1666744829526805
328,50876,1079,Anti-Smooth Muscle Antibody,962,7.630076142131979,2.2612515437164875
329,50871,1073,Anti-Mitochondrial Antibody,968,7.677664974619288,2.093592208726102
330,51660,1056,HPE4,874,6.932106598984772,2.1053166377464083
331,51067,1046,24 hr Creatinine,541,4.290926395939086,1.9564163891885131
332,52425,1033,XUCU,521,4.132296954314721,1.0493363973174508
333,51424,1025,Immunophenotyping,533,4.22747461928934,1.3174350075817975
334,51342,1006,Wright Giemsa,313,2.4825507614213196,0.5053228907752193
335,50938,1003,Hepatitis A Virus IgM Antibody,914,7.249365482233502,1.8505057137050758
336,50980,990,Rheumatoid Factor,831,6.591053299492386,3.5130297487845676
337,52024,963,"Creatinine, Whole Blood",581,4.6081852791878175,1.3139176788757054
338,51123,956,Other,517,4.100571065989848,0.5944285513295502
339,50918,941,Double Stranded DNA,359,2.8473984771573604,1.2959402210445685
340,51284,939,"Reticulocyte Count, Manual",508,4.029187817258883,0.7187074989448013
341,50874,927,"Anti-Nuclear Antibody, Titer",687,5.448921319796955,2.2823555159530398
342,51933,926,C. diff PCR,531,4.211611675126903,0.7359033281745846
343,51150,916,Blood Parasite Smear,492,3.9022842639593907,1.0200253247666837
344,51095,907,"Phosphate, Urine",749,5.940672588832487,0.9848520377057638
345,50966,895,Phenobarbital,112,0.8883248730964468,0.2669261673623161
346,51076,874,"Bicarbonate, Urine",724,5.74238578680203,0.8644812330972815
347,51077,869,"Calcium, Urine",676,5.361675126903553,1.336975722615642
348,50932,865,Gray Top Hold (plasma),728,5.774111675126903,2.401944691960168
349,51453,844,Other,573,4.544733502538071,0.8156294455126701
350,50838,833,"Bilirubin, Total, Ascites",525,4.164022842639594,0.5264268630117713
351,51956,824,CDT027,480,3.807106598984772,0.663211868248683
352,52195,823,Voided Specimen,581,4.6081852791878175,0.9004361487595555
353,50805,806,Carboxyhemoglobin,701,5.55996192893401,2.0470853069455517
354,51651,794,Hepatitis C Viral Load,466,3.696065989847716,0.9793806374962872
355,52369,782,"Total Nucleated Cells, Other",439,3.481916243654822,0.5768419077990903
356,51198,781,Envelope Cells,465,3.6881345177664975,0.5459675780456159
357,51262,769,Pencil Cells,464,3.6802030456852792,0.5928652941268427
358,51229,768,"Heparin, LMW",277,2.197017766497462,0.40683768700464285
359,50814,756,Methemoglobin,609,4.830266497461929,1.7297440947959166
360,51434,743,Other Cell,558,4.425761421319796,0.527599305913802
361,52026,728,Estimated GFR (MDRD equation),580,4.600253807106599,1.311572793071644
362,51325,722,CD45,326,2.5856598984771573,0.4541262173865466
363,51438,718,"RBC, Other Fluid",384,3.0456852791878175,0.4693679751129453
364,50939,698,"Hepatitis B Core Antibody, IgM",640,5.0761421319796955,1.3467460801325641
365,51654,695,HIV 1 Viral Load,211,1.673540609137056,0.4615516890994075
366,51047,691,"Amylase, Pleural",504,3.9974619289340105,0.5635542215760759
367,51411,684,CD45,334,2.6491116751269037,0.7714674295361816
368,50841,658,"Creatinine, Ascites",442,3.505710659898477,0.5612093357720146
369,51444,658,Eosinophils,476,3.7753807106598987,0.670246525660867
370,51114,649,Eosinophils,368,2.918781725888325,0.4146539730181807
371,50895,643,Calculated TBG,308,2.4428934010152283,1.3952070534164986
372,51376,639,Macrophage,443,3.5136421319796955,0.8855852053338337
373,51005,639,Uptake Ratio,307,2.43496192893401,1.3944254248151449
374,50896,636,Calculated Thyroxine (T4) Index,305,2.4190989847715736,1.3885632103049914
375,52266,635,Macrophage,361,2.863261421319797,0.808985602401163
376,51398,633,CD19,328,2.601522842639594,0.7609154434179055
377,52424,623,RFXUCU,335,2.657043147208122,0.4381028310587941
378,52014,622,Voided Specimen,413,3.2756979695431476,0.8961371914521097
379,50982,615,Sex Hormone Binding Globulin,329,2.609454314720812,1.5194860010317497
380,51234,597,Immunophenotyping,424,3.362944162436548,0.7863183729619034
381,50894,589,Calculated Free Testosterone,315,2.4984137055837565,1.4428863980990791
382,50973,585,Prolactin,392,3.1091370558375635,2.3753693195141397
383,51263,579,Plasma Cells,354,2.807741116751269,0.449045631477747
384,51419,579,Eosinophils,422,3.347081218274112,0.48031077553189827
385,51505,568,Uric Acid Crystals,487,3.8626269035533,0.7910081445700261
386,51056,560,"Miscellaneous, Pleural",370,2.9346446700507616,0.42755084494051804
387,51839,556,Anat Path Hold,441,3.497779187817259,0.8355609748471916
388,50957,553,Lithium,100,0.7931472081218274,0.8050774593943941
389,51243,546,Lupus Anticoagulant,418,3.3153553299492384,1.4327252262814802
390,51460,542,"Blood, Occult",360,2.8553299492385786,0.602635651643765
391,52427,542,UCU2,339,2.688769035532995,0.5842673795119511
392,51513,540,Urine Specimen Type,377,2.9901649746192893,1.3201707076865357
393,51945,524,Norovirus Genogroup I,398,3.156725888324873,0.47444856102174493
394,51946,524,Norovirus Genogroup II,398,3.156725888324873,0.47444856102174493
395,51313,506,CD19,299,2.371510152284264,0.4263784020384874
396,50926,502,Follicle Stimulating Hormone,327,2.5935913705583755,2.442589379230565
397,51060,485,"Triglycerides, Pleural",335,2.657043147208122,0.44357423126827056
398,51052,481,"Creatinine, Pleural",375,2.974302030456853,0.41230908721411935
399,51319,478,CD3,291,2.308058375634518,0.41387234441682696
400,51648,477,Hepatitis B Viral Load,234,1.8559644670050761,0.577623536400444
401,51429,476,Mesothelial cells,314,2.490482233502538,0.3149963263455736
402,51068,475,24 hr Protein,234,1.8559644670050761,0.848457846769529
403,50913,466,Cryoglobulin,345,2.7363578680203045,0.6471884819209305
404,51337,464,HLA-DR,288,2.284263959390863,0.41113664431208863
405,51276,460,Quantitative G6PD,383,3.037753807106599,0.8941831199487252
406,51297,453,Thrombin,323,2.5618654822335025,0.5881755225187201
407,52955,452,CD10,285,2.260469543147208,0.41191827291344246
408,51503,451,Triple Phosphate Crystals,271,2.1494289340101522,0.33922681298754087
409,51105,450,"Uric Acid, Urine",391,3.1012055837563453,0.5506573496537386
410,51425,444,Kappa,261,2.0701142131979697,0.7116728415326173
411,51426,444,Lambda,261,2.0701142131979697,0.7116728415326173
412,51795,434,"Lactate Dehydrogenase, CSF",238,1.8876903553299493,0.5463583923462927
413,51315,431,CD20,279,2.212880710659898,0.40918257280870424
414,51404,421,CD3,249,1.97493654822335,0.5143116196907878
415,51662,420,HPE6,392,3.1091370558375635,0.7089371414278791
416,51088,419,"Magnesium, Urine",356,2.8236040609137056,0.499069861964389
417,51326,419,CD5,278,2.2049492385786804,0.4060560584032891
418,51321,416,CD34,137,1.0866116751269035,0.14655536275383388
419,51341,410,Lambda,281,2.2287436548223347,0.41387234441682696
420,51340,410,Kappa,281,2.2287436548223347,0.41387234441682696
421,50877,400,Anti-Thyroglobulin Antibodies,196,1.5545685279187818,1.1732245306320248
422,52278,396,Other,155,1.2293781725888326,0.34000844158889465
423,52992,395,Iron Stain,229,1.8163071065989849,0.31890446935234257
424,50958,391,Luteinizing Hormone,245,1.9432106598984773,1.5624755741062077
425,50865,390,Amikacin,72,0.5710659898477157,0.042989573074457936
426,52220,374,wbcp,260,2.062182741116751,1.4178742828557582
427,51307,367,CD13,133,1.0548857868020305,0.14264721974706498
428,50857,359,Acetone,276,2.1890862944162435,0.49828823336303524
429,51921,353,"proBNP, Pleural",219,1.736992385786802,0.27982303928465346
430,52012,336,UTX9,127,1.0072969543147208,0.5104034766840188
431,50992,331,Thyroid Peroxidase Antibodies,291,2.308058375634518,1.7102033797620722
432,51247,323,MacroOvalocytes,214,1.6973350253807105,0.19345307883506074
433,51406,323,CD34,140,1.1104060913705585,0.15945223467617128
434,51388,320,CD10,216,1.7131979695431472,0.5428410636402007
435,51140,318,Antithrombin,139,1.1024746192893402,0.5088402194813112
436,51305,318,CD117,118,0.9359137055837564,0.1254513905172818
437,51972,317,Chlamydia trachomatis,219,1.736992385786802,2.030280292016445
438,51986,317,Neisseria gonorrhoeae,219,1.736992385786802,2.0298894777157686
439,52018,316,PAN1,219,1.736992385786802,2.0334068064218607
440,51445,314,"Hematocrit, Pleural",234,1.8559644670050761,0.2774781534805922
441,51412,314,CD5,212,1.681472081218274,0.5576920070659226
442,51400,313,CD20,214,1.6973350253807105,0.5436226922415545
443,51183,312,CD45,236,1.8718274111675128,0.41621723022088825
444,51026,311,"Amylase, Body Fluid",230,1.824238578680203,0.38495208616673704
445,51471,310,Cellular Cast,291,2.308058375634518,0.3532961278119089
446,51332,306,CD7,206,1.6338832487309645,0.26536291015960856
447,51310,305,CD15,113,0.8962563451776651,0.1223248761118667
448,51371,304,"Joint Crystals, Comment",205,1.625951776649746,0.3939408150823055
449,51372,304,"Joint Crystals, Location",205,1.625951776649746,0.3939408150823055
450,51374,304,"Joint Crystals, Shape",205,1.625951776649746,0.3939408150823055
451,51370,304,"Joint Crystals, Birefringence",205,1.625951776649746,0.3939408150823055
452,52426,297,UCU1,198,1.570431472081218,0.22823555159530395
453,51164,297,CD19,231,1.8321700507614214,0.40879175850802735
454,50899,290,Carbamazepine,62,0.491751269035533,0.34938798480514
455,50968,286,"Phenytoin, Free",110,0.8724619289340102,0.12740546202066627
456,51152,285,CD10,223,1.7687182741116751,0.3962857008863669
457,50991,285,Thyroglobulin,102,0.809010152284264,0.5393237349341087
458,51314,280,CD2,201,1.5942258883248732,0.2630180243555472
459,51317,280,CD23,203,1.6100888324873097,0.3185136550516656
460,51239,279,Lambda,226,1.7925126903553301,0.3982397723897513
461,51139,279,Anticardiolipin Antibody IgM,214,1.6973350253807105,0.8160202598133471
462,51138,279,Anticardiolipin Antibody IgG,214,1.6973350253807105,0.8160202598133471
463,51238,279,Kappa,226,1.7925126903553301,0.3982397723897513
464,51184,278,CD5,224,1.7766497461928936,0.3962857008863669
465,51335,278,FMC-7,202,1.6021573604060912,0.3181228407509888
466,51168,276,CD20,220,1.7449238578680204,0.3990214009911051
467,51230,276,HLA-DR,223,1.7687182741116751,0.3951132579843361
468,51320,272,CD33,109,0.8645304568527918,0.11646266160171334
469,50969,267,"Phenytoin, Percent Free",106,0.840736040609137,0.12427894761525113
470,51124,257,Plasma,177,1.4038705583756346,0.17195829229783174
471,52123,256,"G6PD, Qualitative",211,1.673540609137056,0.3837796432647063
472,51368,253,Eosinophils,198,1.570431472081218,0.3482155419031093
473,51232,251,Hypersegmented Neutrophils,169,1.3404187817258884,0.181728649814754
474,51748,245,Treponema pallidum (Syphilis) Ab,204,1.618020304568528,1.1228094858447062
475,51423,243,HLA-DR,175,1.388007614213198,0.44318341696759367
476,51749,242,Treponema pallidum (syphilis) value,202,1.6021573604060912,1.1185105285372603
477,51309,239,CD14,105,0.8328045685279188,0.11450859009832888
478,50945,238,Homocysteine,203,1.6100888324873097,0.7683409151307665
479,52256,237,Eosinophils,140,1.1104060913705585,0.4052744298019353
480,51420,234,FMC-7,168,1.33248730964467,0.434976316653379
481,51664,234,HPE8,182,1.4435279187817258,0.3923775578795979
482,51402,232,CD23,167,1.3245558375634519,0.4341946880520252
483,51235,230,Inhibitor Screen,194,1.538705583756345,0.2849036251934531
484,51227,229,Hemogloblin S,192,1.5228426395939088,2.003704919570417
485,51226,229,Hemogloblin A,192,1.5228426395939088,2.003704919570417
486,51224,229,Hemoglobin C,192,1.5228426395939088,2.003704919570417
487,51206,227,Factor VIII,184,1.4593908629441625,0.4900811330488205
488,51289,222,Serum Viscosity,71,0.5631345177664975,0.1383482624396192
489,51369,218,"Hematocrit, Joint Fluid",171,1.3562817258883249,0.2536384811393018
490,51579,214,CA 19-9,48,0.3807106598984772,0.09457706076380747
491,51192,208,CD7,179,1.419733502538071,0.3146055120448968
492,51215,208,FMC-7,166,1.3166243654822334,0.3290656411699417
493,51481,205,Hemosiderin,168,1.33248730964467,0.2231549656865044
494,51167,205,CD2,177,1.4038705583756346,0.3126514405415123
495,51172,204,CD23,163,1.2928299492385786,0.32554831246384963
496,51772,200,PAN3,88,0.6979695431472082,0.2028326220513061
497,51066,199,24 hr Calcium,146,1.157994923857868,0.5592552642686301
498,51225,198,Hemoglobin F,133,1.0548857868020305,1.1958917600712846
499,51661,197,HPE5,169,1.3404187817258884,0.327893198267911
500,50989,193,"Testosterone, Free",139,1.1024746192893402,0.5897387797214276
501,51879,193,Neisseria gonorrhoeae,118,0.9359137055837564,2.016992605793431
502,51846,192,Chlamydia trachomatis,118,0.9359137055837564,2.016992605793431
503,51903,192,PAN1,118,0.9359137055837564,2.0154293485907235
504,51586,182,CMV IgG Ab,148,1.1738578680203047,0.29193828260563714
505,51587,182,CMV IgG Ab Value,148,1.1738578680203047,0.2927199112069909
506,51517,182,WBC Casts,176,1.3959390862944163,0.2278447372946271
507,51323,180,CD4,123,0.9755710659898477,0.14850943425721835
508,51291,179,Sickle Cells,33,0.26173857868020306,0.05940377370288733
509,51328,176,CD56,112,0.8883248730964468,0.11607184730103644
510,51331,173,CD64,100,0.7931472081218274,0.10356578967937594
511,51454,169,Plasma Cells,133,1.0548857868020305,0.1625787490815864
512,51223,168,Hemoglobin A2,133,1.0548857868020305,1.190811174162485
513,51110,168,Atypical Lymphocytes,129,1.0231598984771573,0.1332676765308196
514,51334,166,CD8,120,0.951776649746193,0.14381966264909565
515,51934,166,C Diff Toxin Antigen Assay,120,0.951776649746193,0.14655536275383388
516,51028,162,"Bilirubin, Total, Body Fluid",128,1.015228426395939,0.11880754740577466
517,51722,161,RFXLDLM,103,0.8169416243654822,0.4220794447310416
518,51034,160,"Glucose, Body Fluid",148,1.1738578680203047,0.2598915099501321
519,51980,159,Fentanyl,114,0.9041878172588832,0.3833888289640294
520,52020,159,UTX10,114,0.9041878172588832,0.3837796432647063
521,51416,157,CD7,121,0.959708121827411,0.33101971267332614
522,51306,156,CD11c,98,0.7772842639593909,0.10903718988885241
523,50850,155,"Triglycerides, Ascites",100,0.7931472081218274,0.11529021869968266
524,51588,154,CMV IgM Ab,129,1.0231598984771573,0.2552017383420094
525,51590,154,CMV Interpretation,129,1.0231598984771573,0.2552017383420094
526,51043,153,"Total Protein, Body Fluid",142,1.126269035532995,0.2555925526426863
527,50921,152,Estradiol,95,0.753489847715736,0.8773781050196189
528,52262,152,Immunophenotyping,76,0.6027918781725888,0.14303803404774187
529,51399,152,CD2,117,0.9279822335025381,0.3290656411699417
530,51205,150,Factor VII,89,0.7059010152284264,0.11450859009832888
531,52221,149,Atypical Lymphocytes,101,0.8010786802030456,0.22823555159530395
532,51499,145,Sperm,101,0.8010786802030456,0.2509027810345636
533,51025,145,"Albumin, Body Fluid",135,1.070748730964467,0.22628148009191953
534,51381,144,Other,121,0.959708121827411,0.299363754318498
535,51763,144,EE2,128,1.015228426395939,0.2598915099501321
536,51169,143,CD20 %,49,0.38864213197969544,0.1453829198518032
537,51170,143,CD20 Absolute Count,49,0.38864213197969544,0.1453829198518032
538,51166,143,CD19 Absolute Count,49,0.38864213197969544,0.1453829198518032
539,51165,143,CD19 %,49,0.38864213197969544,0.1453829198518032
540,51762,142,EE1,129,1.0231598984771573,0.29897294001782115
541,51032,140,"Creatinine, Body Fluid",94,0.7455583756345178,0.12349731901389735
542,51442,139,Basophils,119,0.9438451776649747,0.15241757726398725
543,51324,137,CD41,92,0.7296954314720813,0.09653113226719191
544,51035,136,"LD, Body Fluid",126,0.9993654822335026,0.22549985149056573
545,51620,135,Epstein-Barr Virus VCA IgM Ab,116,0.9200507614213198,0.23800590911222624
546,51038,135,"Miscellaneous, Body Fluid",109,0.8645304568527918,0.23214369460207288
547,51614,135,Epstein-Barr Virus  EBNA IgG Ab,116,0.9200507614213198,0.23800590911222624
548,51616,135,Epstein-Barr Virus IgG Ab Value,116,0.9200507614213198,0.23800590911222624
549,51618,135,Epstein-Barr Virus Interpretation,116,0.9200507614213198,0.23800590911222624
550,51617,135,Epstein-Barr Virus IgM Ab Value,116,0.9200507614213198,0.23800590911222624
551,51615,135,Epstein-Barr Virus EBNA IgG Ab,116,0.9200507614213198,0.23800590911222624
552,51619,135,Epstein-Barr Virus VCA IgG Ab,116,0.9200507614213198,0.23800590911222624
553,52223,134,Bands,85,0.6741751269035533,0.149681877159249
554,51115,134,"Hematocrit, Ascites",102,0.809010152284264,0.09457706076380747
555,51953,133,Voided Specimen,117,0.9279822335025381,0.12388813331457424
556,51768,132,EE6,121,0.959708121827411,0.30288108302459005
557,51111,127,Bands,116,0.9200507614213198,0.09535868936516126
558,51271,125,"Protein C, Functional",108,0.8565989847715736,0.5709796932889368
559,51333,123,CD71,88,0.6979695431472082,0.09496787506448436
560,51273,121,"Protein S, Functional",104,0.8248730964467006,0.5287717488158327
561,51112,121,Basophils,111,0.8803934010152284,0.11372696149697509
562,51336,119,Glyco A,88,0.6979695431472082,0.09379543216245369
563,52419,118,Voided Specimen,115,0.9121192893401014,0.25481092404133254
564,51567,117,Beta Hydroxybutyrate,79,0.6265862944162436,0.1254513905172818
565,51489,116,NonSquamous Epithelial Cell,112,0.8883248730964468,0.27005268176773123
566,51175,115,CD3 Absolute Count,60,0.4758883248730965,0.17273992089918555
567,51174,115,CD3 %,60,0.4758883248730965,0.17273992089918555
568,51440,114,Atypical Lymphocytes,99,0.785215736040609,0.13444011943285028
569,51422,112,"Hematocrit, Other Fluid",91,0.7217639593908629,0.15359002016601792
570,51764,111,EE7,101,0.8010786802030456,0.19736122184182964
571,51106,107,Urine Creatinine,73,0.578997461928934,0.15007269145992588
572,51109,107,"Urine Volume, Total",73,0.578997461928934,0.15007269145992588
573,51080,107,Creatinine Clearance,73,0.578997461928934,0.15007269145992588
574,51081,107,"Creatinine, Serum",73,0.578997461928934,0.15007269145992588
575,51101,107,Total Collection Time,73,0.578997461928934,0.15007269145992588
576,51688,106,Lyme C6 Ab,96,0.7614213197969544,0.377917428754553
577,51689,106,Lyme G and M Value,96,0.7614213197969544,0.3767449858525223
578,52087,102,CD15/56,87,0.6900380710659898,0.16375119198361707
579,51954,100,CDT027,84,0.666243654822335,0.10239334677734527
580,52131,100,HIT-Ab Interpreted Result,84,0.666243654822335,0.08519751754756211
581,52132,100,HIT-Ab Numerical Result,84,0.666243654822335,0.08519751754756211
582,51178,98,CD34,76,0.6027918781725888,0.09027810345636168
583,50855,96,Absolute Hemoglobin,87,0.6900380710659898,0.1899357501289687
584,50854,96,Absolute A1c,87,0.6900380710659898,0.1899357501289687
585,51188,89,CD56,80,0.6345177664974619,0.11216370429426754
586,51091,88,"Myoglobin, Urine",77,0.6107233502538071,0.1453829198518032
587,51798,88,"PEP, CSF",57,0.4520939086294416,0.22081007988244303
588,51156,86,CD13,70,0.5552030456852792,0.08558833184823898
589,51199,86,Eosinophil Count,64,0.5076142131979695,0.13756663383826542
590,51163,85,CD16/56%,36,0.28553299492385786,0.1254513905172818
591,51162,85,CD16/56 Absolute Count,36,0.28553299492385786,0.1254513905172818
592,51507,85,"Urine Casts, Other",83,0.6583121827411167,0.15124513436195658
593,51745,84,Toxoplasma Interpretation,73,0.578997461928934,0.178211321108662
594,51741,84,Toxoplasma IgG Ab,73,0.578997461928934,0.178211321108662
595,51742,83,Toxoplasma IgG Ab Value,73,0.578997461928934,0.178211321108662
596,51202,81,Factor II,43,0.3410532994923858,0.0566680735981491
597,51509,81,Urine Comments,77,0.6107233502538071,0.12584220481795869
598,51065,81,"Sodium, Stool",62,0.491751269035533,0.07620878863199362
599,50869,80,Anti-DGP (IgA/IgG),74,0.5869289340101523,0.4576435460926386
600,51510,80,"Urine Crystals, Other",79,0.6265862944162436,0.14890024855789524
601,51441,79,Bands,75,0.5948604060913705,0.06722005971642514
602,51208,79,Factor X,59,0.4679568527918782,0.07230064562522472
603,51154,79,CD117,66,0.5234771573604061,0.0769904172333474
604,51159,78,CD15,66,0.5234771573604061,0.07659960293267051
605,51063,78,"Osmolality, Stool",64,0.5076142131979695,0.07581797433131673
606,51177,77,CD33,65,0.5155456852791878,0.07503634572996294
607,51386,77,Bands,66,0.5234771573604061,0.06292110240897934
608,51264,77,Platelet Clumps,63,0.4996827411167513,0.10395660398005284
609,51064,77,"Potassium, Stool",59,0.4679568527918782,0.07542716003063984
610,51299,75,Von Willebrand Factor Antigen,65,0.5155456852791878,0.2809954821866842
611,51754,75,VZV IgG Ab Value,66,0.5234771573604061,0.3732276571464303
612,51753,75,VZV IgG Ab,66,0.5234771573604061,0.3732276571464303
613,51158,75,CD14,64,0.5076142131979695,0.07542716003063984
614,51155,74,CD11c,66,0.5234771573604061,0.08636996044959278
615,51298,73,Von Willebrand Factor Activity,62,0.491751269035533,0.2774781534805922
616,51122,73,Nucleated RBC,60,0.4758883248730965,0.053932373493410866
617,51242,71,LUC,65,0.5155456852791878,0.11607184730103644
618,51366,70,Bands,62,0.491751269035533,0.07620878863199362
619,51877,69,MRSA PCR,59,0.4679568527918782,0.320858540855727
620,51893,69,Staph aureus PCR,59,0.4679568527918782,0.320858540855727
621,51992,69,Protein,28,0.2220812182741117,0.14890024855789524
622,51967,69,Blood,28,0.2220812182741117,0.14890024855789524
623,51984,69,Ketone,28,0.2220812182741117,0.14890024855789524
624,52002,69,Urobilinogen,28,0.2220812182741117,0.14890024855789524
625,51994,69,Specific Gravity,28,0.2220812182741117,0.14890024855789524
626,52730,69,pH,28,0.2220812182741117,0.14890024855789524
627,51966,69,Bilirubin,28,0.2220812182741117,0.14890024855789524
628,51981,69,Glucose,28,0.2220812182741117,0.14890024855789524
629,51987,69,Nitrite,28,0.2220812182741117,0.14890024855789524
630,51985,69,Leukocytes,28,0.2220812182741117,0.14890024855789524
631,50901,68,Centromere,61,0.4838197969543147,0.18016539261204648
632,51204,67,Factor V,60,0.4758883248730965,0.08285263174350076
633,51515,67,Waxy Casts,65,0.5155456852791878,0.10473823258140662
634,51387,66,Basophils,58,0.4600253807106599,0.06800168831777892
635,51191,65,CD64,59,0.4679568527918782,0.07034657412184027
636,52358,65,Lining Cell,58,0.4600253807106599,0.05236911629070331
637,50916,63,DHEA-Sulfate,53,0.4203680203045685,0.591692851224812
638,51725,63,Rubeola IgG Ab,58,0.4600253807106599,0.2348793947068111
639,51726,63,Rubeola IgG Ab Value,58,0.4600253807106599,0.23527020900748802
640,51904,62,PAN2,44,0.3489847715736041,0.6178774093701637
641,51220,62,Heinz Body Prep,49,0.38864213197969544,0.0652659882130407
642,51899,62,Trichomonas vaginalis,44,0.3489847715736041,0.6194406665728712
643,52227,62,Blasts,7,0.055520304568527926,0.009379543216245368
644,51724,62,Rubella IgG Ab,57,0.4520939086294416,0.3669746283356001
645,51769,62,RUBIgGV,57,0.4520939086294416,0.36814707123763074
646,51182,61,CD41,56,0.4441624365482234,0.06604761681439447
647,51694,61,Mumps IgG Ab Value,54,0.4282994923857868,0.2020509934499523
648,51693,61,Mumps IgG Ab,54,0.4282994923857868,0.20166017914927545
649,51193,60,CD71,57,0.4520939086294416,0.06761087401710203
650,51677,58,K (GREEN),51,0.404505076142132,0.1625787490815864
651,51217,58,Glyco A,56,0.4441624365482234,0.06682924541574826
652,51377,56,Mesothelial Cells,51,0.404505076142132,0.11489940439900577
653,51901,55,Voided Specimen,53,0.4203680203045685,0.13365849083149653
654,51049,54,"Bilirubin, Total, Pleural",49,0.38864213197969544,0.05510481639544154
655,52225,53,Basophils,38,0.3013959390862944,0.09614031796651502
656,51392,53,CD13,28,0.2220812182741117,0.025402929543997876
657,51385,53,Atypical Lymphocytes,53,0.4203680203045685,0.051196673388672634
658,52623,52,Sodium,33,0.26173857868020306,0.12818709062202005
659,52610,52,Potassium,33,0.26173857868020306,0.12818709062202005
660,52569,52,Glucose,33,0.26173857868020306,0.12818709062202005
661,51645,52,"Hemoglobin, Calculated",33,0.26173857868020306,0.12818709062202005
662,51638,52,Hematocrit,33,0.26173857868020306,0.12818709062202005
663,51621,51,Ethylene Glycol,36,0.28553299492385786,0.04728853038190373
664,52647,49,Urea Nitrogen,31,0.2458756345177665,0.11958917600712844
665,52546,49,Creatinine,31,0.2458756345177665,0.12115243320983601
666,52535,49,Chloride,31,0.2458756345177665,0.11958917600712844
667,52500,49,Anion Gap,31,0.2458756345177665,0.11958917600712844
668,51739,49,Total CO2,31,0.2458756345177665,0.11958917600712844
669,51452,48,NRBC,45,0.35691624365482233,0.05080585908799575
670,51302,48,Young Cells,38,0.3013959390862944,0.0449436445778424
671,51624,48,Free Calcium,30,0.23794416243654826,0.11919836170645155
672,51096,47,Porphobilinogen Screen,32,0.25380710659898476,0.15984304897684817
673,52276,46,NRBC,40,0.31725888324873097,0.057449702199502885
674,51488,44,Non-squamous Epithelial Cells,44,0.3489847715736041,0.07151901702387094
675,51433,43,NRBC,40,0.31725888324873097,0.03165595835482812
676,51044,43,Triglycer,29,0.23001269035532995,0.042989573074457936
677,51290,43,Sickle Cell Preparation,42,0.3331218274111675,0.2563741812440401
678,51190,43,CD59,36,0.28553299492385786,0.06409354531101003
679,51187,43,CD55,36,0.28553299492385786,0.06409354531101003
680,51312,42,CD16/56,30,0.23794416243654826,0.046116087479873065
681,51203,42,Factor IX,36,0.28553299492385786,0.06761087401710203
682,51652,40,High-Sensitivity CRP,36,0.28553299492385786,0.08011693163876252
683,51655,40,HIV 2 Ab Confirmation,32,0.25380710659898476,0.07777204583470118
684,51653,40,HIV 1 Ab Confirmation,32,0.25380710659898476,0.07777204583470118
685,51072,39,"Amylase, Urine",20,0.15862944162436549,0.03126514405415123
686,50844,39,"Lipase, Ascites",31,0.2458756345177665,0.028529443949412994
687,51073,38,"Amylase/Creatinine Ratio, Urine",20,0.15862944162436549,0.030874329753474337
688,52109,38,dRVVT - Screen,34,0.2696700507614213,0.1539808344666948
689,51765,38,EE3,38,0.3013959390862944,0.089105660554331
690,51418,38,CD8,32,0.25380710659898476,0.07230064562522472
691,51022,38,"Glucose, Joint Fluid",37,0.29346446700507617,0.05979458800356422
692,51062,37,"Chloride, Stool",31,0.2458756345177665,0.03204677265550501
693,52301,37,Lining Cell,32,0.25380710659898476,0.05236911629070331
694,51408,36,CD4,31,0.2458756345177665,0.07386390282793229
695,52270,36,Metamyelocytes,24,0.1903553299492386,0.03361002985821257
696,51894,35,"Strep A, Rapid Antigen",24,0.1903553299492386,0.4115274586127655
697,51390,34,CD117,17,0.13483502538071065,0.016023386327752506
698,51186,33,CD5 Absolute Count,28,0.2220812182741117,0.05705888789882599
699,51185,33,CD5 %,28,0.2220812182741117,0.05705888789882599
700,51084,33,"Glucose, Urine",31,0.2458756345177665,0.0445528302771655
701,52181,33,Stomatocyte,27,0.2141497461928934,0.03361002985821257
702,51796,33,"Miscellaneous, CSF",27,0.2141497461928934,0.11997999030780535
703,51494,31,RBC Casts,31,0.2458756345177665,0.03595491566227391
704,51367,31,Basophils,29,0.23001269035532995,0.06253028810830245
705,51467,31,Broad Casts,31,0.2458756345177665,0.038299801466335257
706,52279,31,Plasma,20,0.15862944162436549,0.04767934468258063
707,50888,30,Blue Top Hold Frozen,23,0.18242385786802032,0.0898872891556848
708,51755,29,White Blood Cells,18,0.14276649746192893,0.07464553142928607
709,51465,29,Bilirubin Crystals,28,0.2220812182741117,0.030874329753474337
710,51189,29,CD57,28,0.2220812182741117,0.05471400209476465
711,51395,29,CD15,15,0.11897208121827413,0.014850943425721833
712,51061,28,"Bicarbonate, Stool",18,0.14276649746192893,0.014069314824368054
713,51024,27,"Total Protein, Joint Fluid",26,0.20621827411167515,0.046116087479873065
714,52283,25,Promyelocytes,13,0.10310913705583757,0.015632572027075613
715,51272,23,"Protein S, Antigen",23,0.18242385786802032,0.06409354531101003
716,52274,23,Myelocytes,16,0.12690355329949238,0.016023386327752506
717,51270,23,"Protein C, Antigen",23,0.18242385786802032,0.05080585908799575
718,51209,23,Factor XI,15,0.11897208121827413,0.0609670309055949
719,52335,22,TdT,15,0.11897208121827413,0.016805014929106285
720,52179,22,SCT - Screen,22,0.17449238578680204,0.12037080460848223
721,51365,21,Atypical Lymphocytes,19,0.1506979695431472,0.049633416185965076
722,53127,20,Voided Specimen,17,0.13483502538071065,0.02071315793587519
723,51767,20,EE5,20,0.15862944162436549,0.03478247276024324
724,51666,20,H. pylori IgG Ab,20,0.15862944162436549,0.1332676765308196
725,51872,20,Influenza B by PCR,20,0.15862944162436549,0.07855367443605496
726,51864,20,Influenza A by PCR,20,0.15862944162436549,0.07855367443605496
727,52642,20,Troponin I,17,0.13483502538071065,0.05705888789882599
728,51045,20,"Urea Nitrogen, Body Fluid",19,0.1506979695431472,0.016023386327752506
729,51380,19,NRBC,18,0.14276649746192893,0.026184558145351654
730,52019,19,PAN2,15,0.11897208121827413,0.2978004971157905
731,51996,19,Trichomonas vaginalis,15,0.11897208121827413,0.2978004971157905
732,51667,19,H. pylori IgG Ab Value,19,0.1506979695431472,0.11880754740577466
733,51405,19,CD33,14,0.11104060913705585,0.014850943425721833
734,51435,19,Plasma,19,0.1506979695431472,0.021103972236552082
735,50848,19,"Sodium, Ascites",13,0.10310913705583757,0.014069314824368054
736,51394,18,CD14,12,0.0951776649746193,0.01289687192233738
737,51322,18,CD38,14,0.11104060913705585,0.014850943425721833
738,51179,18,CD38,16,0.12690355329949238,0.03204677265550501
739,51161,18,CD16,18,0.14276649746192893,0.038299801466335257
740,51743,18,Toxoplasma IgM Ab,18,0.14276649746192893,0.0445528302771655
741,51042,18,"Sodium, Body Fluid",16,0.12690355329949238,0.013287686223014274
742,51744,18,Toxoplasma IgM Ab Value,18,0.14276649746192893,0.0449436445778424
743,51295,17,TdT,14,0.11104060913705585,0.016414200628429396
744,51895,17,"Strep A, Rapid Antigen",14,0.11104060913705585,0.07972611733808564
745,51036,17,"Lipase, Body Fluid",10,0.07931472081218274,0.014850943425721833
746,51470,16,Calcium Phosphate Crystals,16,0.12690355329949238,0.0203223436351983
747,50837,16,"Bicarbonate, Ascites",11,0.08724619289340102,0.008597914614891589
748,51041,16,"Potassium, Body Fluid",14,0.11104060913705585,0.012115243320983602
749,51027,16,"Bicarbonate, Other Fluid",13,0.10310913705583757,0.023448858040613422
750,51413,16,CD56,12,0.0951776649746193,0.021103972236552082
751,50840,16,"Cholesterol, Ascites",16,0.12690355329949238,0.017195829229783178
752,50847,15,"Potassium, Ascites",11,0.08724619289340102,0.010551986118276041
753,51241,15,Leukocyte Alkaline Phosphatase,12,0.0951776649746193,0.016414200628429396
754,50839,15,"Chloride, Ascites",10,0.07931472081218274,0.009379543216245368
755,51397,15,CD16/56,15,0.11897208121827413,0.03009270115212056
756,51173,15,CD25,14,0.11104060913705585,0.025012115243320983
757,50845,15,"Miscellaneous, Ascites",15,0.11897208121827413,0.014069314824368054
758,51713,15,Reflex Confirmatory Hepatitis C Viral Load,15,0.11897208121827413,0.03048351545279745
759,53154,14,Lactate,12,0.0951776649746193,0.02931107255076678
760,52176,14,Rouleaux,12,0.0951776649746193,0.0203223436351983
761,51502,14,Trichomonas,10,0.07931472081218274,0.05041504478731886
762,51511,14,Urine Fat Bodies,14,0.11104060913705585,0.02813862964873611
763,51030,14,"Chloride, Body Fluid",12,0.0951776649746193,0.009770357516922259
764,51318,13,CD25,11,0.08724619289340102,0.017977457831136957
765,51033,13,FetalFN,10,0.07931472081218274,0.3822163860619988
766,50875,13,Anti-Parietal Cell Antibody,11,0.08724619289340102,0.054323187794087756
767,51329,13,CD57,10,0.07931472081218274,0.012506057621660491
768,51023,12,"LD, Joint Fluid",11,0.08724619289340102,0.015241757726398726
769,51391,12,CD11c,10,0.07931472081218274,0.01016117181759915
770,51142,12,Arachadonic Acid,11,0.08724619289340102,0.15632572027075614
771,51135,12,ADP,11,0.08724619289340102,0.1543716487673717
772,51311,12,CD16,12,0.0951776649746193,0.010551986118276041
773,51171,12,CD22,11,0.08724619289340102,0.02071315793587519
774,51456,12,Promyelocytes,12,0.0951776649746193,0.01094280041895293
775,51415,12,CD64,10,0.07931472081218274,0.01016117181759915
776,50870,12,"Anti-Gliadin Antibody, IgA",12,0.0951776649746193,0.042207944473104164
777,52257,12,"Hematocrit, CSF",9,0.07138324873096447,0.0324375869561819
778,51195,12,Collagen,11,0.08724619289340102,0.15202676296331036
779,51449,11,Metamyelocytes,11,0.08724619289340102,0.009379543216245368
780,50990,11,Theophylline,6,0.04758883248730965,0.025402929543997876
781,51874,11,"Influenza B, Rapid Antigen",11,0.08724619289340102,0.09848520377057637
782,52108,11,dRVVT - Normalized Ratio,11,0.08724619289340102,0.04181713017242727
783,51393,11,CD138,7,0.055520304568527926,0.013287686223014274
784,52107,11,dRVVT - Confirmation,11,0.08724619289340102,0.04181713017242727
785,51869,11,"Influenza A, Rapid Antigen",11,0.08724619289340102,0.09848520377057637
786,51210,10,Factor XII,8,0.06345177664974619,0.02188560083790586
787,51407,10,CD38,7,0.055520304568527926,0.014850943425721833
788,50851,10,"Urea Nitrogen, Ascites",9,0.07138324873096447,0.007816286013537807
789,52043,10,Voided Specimen,10,0.07931472081218274,0.018368272131813846
790,51153,10,CD103,9,0.07138324873096447,0.018759086432490735
791,52268,10,Mesothelial cells,9,0.07138324873096447,0.025012115243320983
792,51316,9,CD22,9,0.07138324873096447,0.01289687192233738
793,51119,9,Metamyelocytes,8,0.06345177664974619,0.006643843111507137
794,51207,9,Factor VIII Inhibitor,5,0.03965736040609137,0.018368272131813846
795,51286,8,Ristocetin,7,0.055520304568527926,0.045725273179196176
796,51083,8,"Ethanol, Urine",8,0.06345177664974619,0.0203223436351983
797,51430,8,Metamyelocytes,8,0.06345177664974619,0.008597914614891589
798,51417,7,CD71,6,0.04758883248730965,0.005471400209476465
799,51410,7,CD41,6,0.04758883248730965,0.005471400209476465
800,53144,7,ANCA Titer,6,0.04758883248730965,0.013678500523691163
801,51201,7,Epinepherine,6,0.04758883248730965,0.050024230486641966
802,51806,7,Voided Specimen,4,0.031725888324873094,0.012115243320983602
803,51308,7,CD138,6,0.04758883248730965,0.005471400209476465
804,51443,7,Blasts,6,0.04758883248730965,0.0035173287060920135
805,51040,6,"Phosphate, Body Fluid",4,0.031725888324873094,0.003126514405415123
806,51304,6,CD103,6,0.04758883248730965,0.010551986118276041
807,51037,6,"Magnesium, Body Fluid",4,0.031725888324873094,0.002344885804061342
808,51029,6,"Calcium, Body Fluid",4,0.031725888324873094,0.003126514405415123
809,52720,6,"HCG, Urine, Qualitative",5,0.03965736040609137,0.0652659882130407
810,51149,6,Bleeding Time,6,0.04758883248730965,0.024621300942644093
811,52177,6,SCT - Confirmation,6,0.04758883248730965,0.016805014929106285
812,51714,6,Reflex HIV Confirmation,5,0.03965736040609137,0.01016117181759915
813,51490,6,Oval Fat Body,6,0.04758883248730965,0.011724429020306711
814,51421,6,Glyco A,5,0.03965736040609137,0.005080585908799575
815,52178,6,SCT - Normalized Ratio,6,0.04758883248730965,0.016805014929106285
816,51475,6,Epithelial Casts,6,0.04758883248730965,0.011724429020306711
817,51495,6,RBC Clumps,6,0.04758883248730965,0.01289687192233738
818,51870,5,"Influenza A, Rapid Antigen",5,0.03965736040609137,0.04103550157107349
819,51875,5,"Influenza B, Rapid Antigen",5,0.03965736040609137,0.04103550157107349
820,51409,5,CD4/CD8 Ratio,5,0.03965736040609137,0.017195829229783178
821,52129,5,Hemoglobin Other,3,0.023794416243654824,0.014850943425721833
822,51414,5,CD57,4,0.031725888324873094,0.005080585908799575
823,51403,5,CD25,4,0.031725888324873094,0.007034657412184027
824,51212,5,Fetal Hemoglobin,4,0.031725888324873094,0.1301411621254045
825,51378,4,Metamyelocytes,4,0.031725888324873094,0.005471400209476465
826,52551,4,D-Dimer,4,0.031725888324873094,0.014850943425721833
827,51500,4,Sulfonamides,4,0.031725888324873094,0.003126514405415123
828,51451,4,Myelocytes,4,0.031725888324873094,0.005471400209476465
829,52263,4,Lining Cell,3,0.023794416243654824,0.013678500523691163
830,51396,4,CD16,3,0.023794416243654824,0.005080585908799575
831,51827,4,Voided Specimen,3,0.023794416243654824,0.003126514405415123
832,51675,4,INR(PT),3,0.023794416243654824,0.013287686223014274
833,51468,4,Calcium Carbonate Crystals,4,0.031725888324873094,0.005471400209476465
834,51924,4,Voided Specimen,4,0.031725888324873094,0.005471400209476465
835,51031,3,"Cholesterol, Body Fluid",3,0.023794416243654824,0.005471400209476465
836,51253,3,Monocyte Count,1,0.007931472081218274,0.006253028810830246
837,51485,3,Leucine Crystals,3,0.023794416243654824,0.0019540715033844517
838,51055,3,"Lipase, Pleural",3,0.023794416243654824,0.0035173287060920135
839,51432,3,Myelocytes,3,0.023794416243654824,0.0042989573074457945
840,51039,3,"Osmolality, Body Fluid",3,0.023794416243654824,0.003908143006768903
841,51211,3,Factor XIII,3,0.023794416243654824,0.025012115243320983
842,52287,3,Voided Specimen,2,0.015862944162436547,0.0007816286013537807
843,51121,3,Myelocytes,3,0.023794416243654824,0.004689771608122684
844,51113,3,Blasts,3,0.023794416243654824,0.001172442902030671
845,51665,3,HPE9,3,0.023794416243654824,0.003908143006768903
846,51126,3,Promyelocytes,3,0.023794416243654824,0.0058622145101533555
847,52307,3,Plasma,3,0.023794416243654824,0.0058622145101533555
848,51791,3,HIV 1 Viral Load,3,0.023794416243654824,0.005080585908799575
849,51057,2,"Potassium, Pleural",2,0.015862944162436547,0.0019540715033844517
850,51280,2,Reptilase Time,1,0.007931472081218274,0.0015632572027075614
851,52311,2,Promyelocytes,2,0.015862944162436547,0.003908143006768903
852,51058,2,"Sodium, Pleural",2,0.015862944162436547,0.0019540715033844517
853,51048,2,"Bicarbonate, Pleural",2,0.015862944162436547,0.001172442902030671
854,51327,2,CD55,2,0.015862944162436547,0.002344885804061342
855,52373,2,TdT,2,0.015862944162436547,0.004689771608122684
856,52305,2,Myelocytes,2,0.015862944162436547,0.003126514405415123
857,51477,2,Free Fat,2,0.015862944162436547,0.003908143006768903
858,51157,2,CD138,2,0.015862944162436547,0.0042989573074457945
859,52319,2,CD 1a,1,0.007931472081218274,0.0007816286013537807
860,51281,2,Reptilase Time Control,1,0.007931472081218274,0.001172442902030671
861,50972,2,Procainamide,2,0.015862944162436547,0.003908143006768903
862,51019,2,"Albumin, Joint Fluid",2,0.015862944162436547,0.0035173287060920135
863,51473,2,Cysteine Crystals,2,0.015862944162436547,0.004689771608122684
864,51461,2,Ammonium Biurate,2,0.015862944162436547,0.009770357516922259
865,51472,2,Cholesterol Crystals,2,0.015862944162436547,0.006253028810830246
866,52370,2,Voided Specimen,2,0.015862944162436547,0.0019540715033844517
867,51389,2,CD103,2,0.015862944162436547,0.0035173287060920135
868,51401,2,CD22,2,0.015862944162436547,0.0058622145101533555
869,51897,2,Surfactant/Albumin,2,0.015862944162436547,0.012506057621660491
870,51437,2,Promyelocytes,2,0.015862944162436547,0.003908143006768903
871,51480,2,Hematocrit,1,0.007931472081218274,0.005080585908799575
872,50962,2,N-Acetylprocainamide (NAPA),2,0.015862944162436547,0.003908143006768903
873,51783,2,"Bilirubin, Total, CSF",2,0.015862944162436547,0.0015632572027075614
874,51776,1,<Albumin>,1,0.007931472081218274,0.014069314824368054
875,52184,1,TCR Alpha-Beta,1,0.007931472081218274,0.002344885804061342
876,52088,1,CD 1a,1,0.007931472081218274,0.001172442902030671
877,52185,1,TCR Gamma-Delta,1,0.007931472081218274,0.002344885804061342
878,52313,1,Voided Specimen,1,0.007931472081218274,0.00039081430067689036
879,50830,1,"pCO2, Body Fluid",1,0.007931472081218274,0.0007816286013537807
880,50832,1,"pO2, Body Fluid",1,0.007931472081218274,0.0007816286013537807
881,51050,1,"Chloride, Pleural",1,0.007931472081218274,0.0007816286013537807
882,50846,1,"Osmolality, Ascites",1,0.007931472081218274,0.0019540715033844517
883,51459,1,Young Cells,1,0.007931472081218274,0.00039081430067689036
884,52294,1,Blasts,1,0.007931472081218274,0.00039081430067689036
885,52339,1,Blasts,1,0.007931472081218274,0.0007816286013537807
886,51258,1,Osmotic Fragility,1,0.007931472081218274,0.002344885804061342
887,52332,1,TCR Gamma-Delta,1,0.007931472081218274,0.0015632572027075614
888,52331,1,TCR Alpha-Beta,1,0.007931472081218274,0.0015632572027075614
889,51927,1,"Albumin, Stool",1,0.007931472081218274,0.00039081430067689036
890,51692,1,"Monospot, Rapid Antigen",1,0.007931472081218274,0.019149900733167628
891,51330,1,CD59,1,0.007931472081218274,0.0019540715033844517
892,51021,1,"Creatinine, Joint Fluid",1,0.007931472081218274,0.001172442902030671
893,52410,1,Fatty Casts,1,0.007931472081218274,0.0007816286013537807
894,50959,1,Macro Prolactin,1,0.007931472081218274,0.009770357516922259
895,52055,1,Hyperseg,1,0.007931472081218274,0.00039081430067689036
